Series Name,Series Code,Country Name,Country Code,1990 [YR1990],1991 [YR1991],1992 [YR1992],1993 [YR1993],1994 [YR1994],1995 [YR1995],1996 [YR1996],1997 [YR1997],2000 [YR2000],2001 [YR2001],2002 [YR2002],2003 [YR2003],2004 [YR2004],2005 [YR2005],2006 [YR2006],2007 [YR2007],2008 [YR2008],2009 [YR2009],2010 [YR2010]
GDP per capita (current US$),NY.GDP.PCAP.CD,Afghanistan,AFG,..,..,..,..,..,..,..,..,174.9309914,138.7068217,178.9540884,198.8711157,221.7636539,254.1842491,274.2185536,376.223152,381.733238,452.0537055,560.6215055
GDP per capita (current US$),NY.GDP.PCAP.CD,Albania,ALB,617.2304355,336.5869945,200.8522198,367.2792251,586.4161351,911.3204654,1020.976181,728.5455237,1160.420471,1326.416524,1479.838846,1908.699007,2446.909499,2741.721365,3057.77257,3743.055299,4498.504868,4213.650076,4149.144699
GDP per capita (current US$),NY.GDP.PCAP.CD,Algeria,DZA,2445.183327,1759.112016,1802.693008,1831.04801,1525.540618,1466.948068,1616.831987,1628.761006,1772.928691,1896.300209,1937.464114,2283.772993,2816.99385,3233.133396,3660.661047,4167.451699,5180.918815,4235.429905,4912.785855
GDP per capita (current US$),NY.GDP.PCAP.CD,American Samoa,ASM,..,..,..,..,..,..,..,..,..,..,8972.696365,9197.661968,8958.428667,8831.26976,8745.166211,9231.372409,10030.80891,12156.02939,10375.17201
GDP per capita (current US$),NY.GDP.PCAP.CD,Andorra,AND,19563.65747,19533.26207,20099.53522,15916.83952,15748.53075,18443.25452,19130.15972,18247.99957,21810.24874,23511.29515,26528.13016,34063.5784,39021.12781,40829.80188,43467.21099,48336.22833,49132.5157,43975.01837,42746.83095
GDP per capita (current US$),NY.GDP.PCAP.CD,Angola,AGO,965.8668405,881.9194881,668.7060175,449.7278949,334.9735903,404.2948185,531.1153665,521.7029149,563.7337956,533.5862024,999.065856,1133.66332,1451.471179,2145.886211,2930.444286,3515.05679,4578.155265,3645.148466,4101.637156
GDP per capita (current US$),NY.GDP.PCAP.CD,Antigua and Barbuda,ATG,7590.754424,7956.474309,8153.737863,8624.620168,9351.487538,9034.475529,9756.08718,10336.25916,12027.49498,11539.18251,11658.69499,12173.23199,13037.88958,14368.57088,16173.81363,18204.5124,18786.67431,16472.24785,15217.39508
GDP per capita (current US$),NY.GDP.PCAP.CD,Argentina,ARG,4315.334031,5709.247841,6789.996111,6931.855964,7437.562423,7357.616277,7663.212713,8146.7871,7637.014892,7141.475077,2569.699635,3320.477751,4242.020991,5067.653423,5869.38029,7185.251551,8944.110266,8150.23527,10260.13131
GDP per capita (current US$),NY.GDP.PCAP.CD,Armenia,ARM,635.3553275,572.7402609,356.35078,347.8706447,390.8799643,443.9248609,487.0686244,505.0358871,593.4505817,659.5889885,742.6511183,882.0301677,1130.087914,1557.484589,2041.652671,2962.702346,3777.668593,2820.592655,3041.344507
GDP per capita (current US$),NY.GDP.PCAP.CD,Aruba,ABW,12187.53636,13233.99052,13892.60514,14700.95981,16055.28779,16548.71739,16620.95456,17750.00956,20681.02303,20740.13258,21307.24825,21949.486,23700.63199,24171.83713,24845.65848,26736.30894,28171.9094,25134.77123,24093.14015
GDP per capita (current US$),NY.GDP.PCAP.CD,Australia,AUS,18273.56153,18885.42745,18650.36755,17724.53995,18155.6282,20479.17483,22055.83849,23683.4949,21908.9968,19733.65101,20335.09602,23757.58985,30886.05009,34535.20727,36658.82435,41128.24766,49811.20672,42954.84949,52313.8939
GDP per capita (current US$),NY.GDP.PCAP.CD,Austria,AUT,21596.06822,22323.13125,24782.71188,23987.20372,25546.24605,30207.06743,29645.94513,26571.75236,24487.29747,24430.49598,26334.86222,32110.11597,36614.25065,38157.37023,40382.20783,46622.96229,51581.39824,47857.44466,46611.13934
GDP per capita (current US$),NY.GDP.PCAP.CD,Azerbaijan,AZE,1238.271893,734.9442328,60.23512054,209.5309545,157.0635499,314.5580191,409.1855438,505.5162042,655.0972496,703.6709986,763.1088955,883.6925807,1045.013633,1578.36733,2472.957257,3851.330152,5574.468104,4950.39949,5843.533768
GDP per capita (current US$),NY.GDP.PCAP.CD,"Bahamas, The",BHS,11473.30084,11082.35286,10873.40475,10613.06588,10991.23467,11374.60567,11783.7972,20367.57327,24940.07751,25371.92377,26781.61959,26429.12478,26650.29342,28602.41819,29184.78651,30051.84896,29392.38244,27512.9131,27473.10043
GDP per capita (current US$),NY.GDP.PCAP.CD,Bahrain,BHR,9342.538914,10434.1324,10460.15832,11151.8715,11629.35952,11900.93178,12091.78022,12254.66626,14214.48368,13573.23399,13501.47088,14486.0269,15963.94932,17966.16578,19267.28262,20908.40425,23299.49928,19465.31407,21819.32911
GDP per capita (current US$),NY.GDP.PCAP.CD,Bangladesh,BGD,283.0537371,272.0649485,273.4650725,280.7572745,280.6030318,309.4586808,371.9179377,379.2849177,396.6707302,394.65641,393.8864223,426.7488075,455.6140169,480.0858508,490.3880265,537.9554928,613.062041,679.2114774,757.3852804
GDP per capita (current US$),NY.GDP.PCAP.CD,Barbados,BRB,7781.405733,7790.262294,7519.201435,7904.707624,8223.166812,8460.473809,9011.778848,9521.571274,11674.67365,11639.51605,11760.45247,12075.9587,12886.36653,14214.42022,15619.6006,17235.43964,17565.693,16294.90995,19723.23819
GDP per capita (current US$),NY.GDP.PCAP.CD,Belarus,BLR,1706.640919,1805.455925,1658.086413,1589.510113,1460.007914,1370.699914,1427.268964,1396.442019,1276.288034,1244.373185,1479.380663,1819.526531,2378.337005,3126.071767,3848.223503,4735.481076,6376.175692,5352.488092,6034.678852
GDP per capita (current US$),NY.GDP.PCAP.CD,Belgium,BEL,20600.37528,21041.66065,23372.61917,22283.93602,24208.55479,28413.82644,27489.55518,24820.93805,23098.88651,23015.07126,25006.1914,30655.20927,35429.40779,36809.70134,38705.1068,44319.16545,48303.39796,44923.34001,44197.39367
GDP per capita (current US$),NY.GDP.PCAP.CD,Belize,BLZ,2986.469621,3190.130988,3642.948063,3859.658444,3876.69327,4009.827525,4043.26518,4014.403806,4726.506755,4718.777151,4858.860626,4959.740124,5153.713083,5270.414791,5524.781678,5762.210233,5711.814589,5399.671,5461.40736
GDP per capita (current US$),NY.GDP.PCAP.CD,Benin,BEN,371.1016043,364.689296,301.773297,387.3100548,262.1298074,348.4352389,369.3943841,344.5504915,487.4241414,492.4014995,546.4638297,676.0028781,758.6958038,779.4377778,809.1470725,912.3382472,1060.602545,1024.102779,973.2442549
GDP per capita (current US$),NY.GDP.PCAP.CD,Bermuda,BMU,27665.52581,28195.70916,28761.96346,30950.07991,31543.06349,34115.34456,45063.61493,48736.6768,56542.95695,59490.2452,63358.56587,67106.80281,71692.1589,77628.10352,97781.4559,107395.6515,110268.5624,104711.7124,104111.8242
GDP per capita (current US$),NY.GDP.PCAP.CD,Bhutan,BTN,488.3274315,400.6347052,415.7915226,407.3998425,467.0083121,530.1036769,552.8738914,630.4474101,771.9249114,812.2382108,895.7994899,1022.382403,1130.359346,1299.949386,1405.607162,1850.415704,1919.597749,1918.395992,2435.579806
GDP per capita (current US$),NY.GDP.PCAP.CD,Bolivia,BOL,682.6768103,733.9354876,759.571135,756.637016,774.0356696,852.7540349,922.1132591,970.3518434,975.7770604,930.1682272,888.221329,893.0137602,953.1918932,1020.123262,1202.711504,1354.549059,1692.672485,1731.181721,1929.783731
GDP per capita (current US$),NY.GDP.PCAP.CD,Bosnia and Herzegovina,BIH,1742.882622,1373.371045,1118.175699,929.8721187,337.090896,502.365981,718.9337971,913.8133991,1338.480596,1387.893629,1606.546745,2033.947009,2452.686092,2739.610769,3166.128653,3931.489487,4841.693119,4539.918638,4506.478285
GDP per capita (current US$),NY.GDP.PCAP.CD,Botswana,BWA,2903.153816,2938.594427,3004.612634,2929.43119,2917.255142,3156.181945,3156.268657,3194.181061,3450.811806,3206.071237,3117.250872,4230.123269,4956.692877,5391.070766,5291.583791,5529.125746,5503.073953,5082.933883,6215.732161
GDP per capita (current US$),NY.GDP.PCAP.CD,Brazil,BRA,2581.141874,2257.609297,2127.316427,2348.882477,3298.712507,4756.748408,5179.13052,5299.396304,3766.548115,3176.289357,2855.940189,3090.60701,3663.823188,4827.781731,5934.144709,7409.691307,8908.331765,8678.659224,11403.28213
GDP per capita (current US$),NY.GDP.PCAP.CD,British Virgin Islands,VGB,..,..,..,..,..,..,..,..,..,..,..,..,..,..,..,..,..,..,..
GDP per capita (current US$),NY.GDP.PCAP.CD,Brunei Darussalam,BRN,23658.71663,23932.18973,23450.89641,22397.07374,22766.58718,26443.25647,25692.23573,25522.3975,20130.25723,18287.82723,18621.29226,20677.90011,24423.0947,29386.27038,34674.79952,36217.32907,42156.56858,30946.46738,34937.55554
GDP per capita (current US$),NY.GDP.PCAP.CD,Bulgaria,BGR,2377.370795,883.7396221,1007.342964,1278.522358,1149.893471,2259.366794,1470.267219,1361.479046,1621.345249,1770.997482,2093.089677,2719.63335,3389.86048,3900.02502,4523.377973,5888.870946,7271.674437,6988.630484,6854.298784
GDP per capita (current US$),NY.GDP.PCAP.CD,Burkina Faso,BFA,338.5937591,333.7060551,348.5924439,324.1115767,187.2114237,229.0922945,242.7331714,223.8539585,248.9085269,259.4852234,285.6540876,362.3739,403.8128374,441.164148,455.5136556,514.6844512,619.4375333,601.5695207,624.9572522
GDP per capita (current US$),NY.GDP.PCAP.CD,Burundi,BDI,202.6294462,204.6682584,184.8689705,165.3441203,161.8925843,164.9153117,143.1567412,160.278342,134.5378618,132.1595545,120.9523086,111.4066828,125.1949652,147.2346193,161.8927556,166.1627449,189.5020746,198.431524,216.7277053
GDP per capita (current US$),NY.GDP.PCAP.CD,Cabo Verde,CPV,817.4429255,831.6138876,907.8479095,1220.049979,991.1089744,1165.138323,1179.515227,1133.574226,1189.514793,1223.330553,1328.578743,1717.975654,1929.490815,2004.146804,2256.996662,3324.576752,3908.648858,3659.720464,3579.460061
GDP per capita (current US$),NY.GDP.PCAP.CD,Cambodia,KHM,190.18147,267.3363067,307.0949224,294.0593727,302.1307855,343.4852247,324.655871,297.5904196,296.4266875,327.5009843,350.1472766,386.6911239,444.1990675,525.7973251,612.2526486,731.6922951,866.2839998,875.7489362,952.2746163
GDP per capita (current US$),NY.GDP.PCAP.CD,Cameroon,CMR,1086.717009,1014.828973,1005.448976,1309.9363,700.7095019,832.0066745,826.9653223,783.2516019,708.5657316,715.4702965,789.6238111,988.2412768,1133.393267,1142.624663,1191.45459,1325.672482,1492.142698,1461.389992,1398.58702
GDP per capita (current US$),NY.GDP.PCAP.CD,Canada,CAN,21525.86114,21846.79305,20950.33053,20186.79888,19997.62374,20679.63479,21296.97235,21901.587,24271.00206,23822.09621,24256.05987,28301.90971,32145.56533,36383.96713,40504.84903,44660.08389,46710.36544,40874.96123,47560.83788
GDP per capita (current US$),NY.GDP.PCAP.CD,Cayman Islands,CYM,..,..,..,..,..,..,..,..,..,..,..,..,..,..,87085.09374,89888.26182,89655.11962,81373.57115,76837.66996
GDP per capita (current US$),NY.GDP.PCAP.CD,Central African Republic,CAF,501.6562006,464.8282836,461.5873035,404.9545469,261.2603974,333.1458632,293.3065753,265.5212824,239.1541337,237.9517025,248.639291,278.4039922,303.4613212,311.9500231,333.9425199,380.8870488,437.2482747,456.4716739,476.873787
GDP per capita (current US$),NY.GDP.PCAP.CD,Chad,TCD,290.5990453,302.4872684,290.6482861,220.7299649,173.9288951,203.9648527,216.9125411,201.384077,163.1216637,194.3229533,219.061392,289.0876211,445.8507672,838.0921077,906.8972606,980.4835315,1166.368835,1035.637197,1141.800693
GDP per capita (current US$),NY.GDP.PCAP.CD,Channel Islands,CHI,..,..,..,..,..,..,..,..,43479.19408,41873.74061,44459.73182,48570.77966,56259.53442,57647.11889,62745.10066,74139.97799,..,57778.54071,56123.4598
GDP per capita (current US$),NY.GDP.PCAP.CD,Chile,CHL,2487.768297,2798.342624,3351.841089,3540.913773,4012.101599,5081.468277,5333.504387,5741.95843,5052.992458,4563.595299,4430.847412,4773.401775,6120.591521,7480.32331,9318.656553,10346.41382,10683.21888,10098.80172,12632.87047
GDP per capita (current US$),NY.GDP.PCAP.CD,China,CHN,318.5033536,334.1302881,367.8226519,378.9393531,475.6778744,612.6802779,713.3373878,786.7435485,969.1995137,1065.405976,1163.559577,1306.972454,1530.927262,1777.644968,2129.25697,2734.727099,3523.443021,3898.244592,4629.245517
GDP per capita (current US$),NY.GDP.PCAP.CD,Colombia,COL,1474.845529,1485.739719,1730.390918,1929.267218,2325.91873,2583.665763,2664.640561,2873.281435,2555.00751,2472.99084,2428.929698,2311.942188,2818.571954,3456.066109,3789.853612,4769.926147,5541.836297,5250.972924,6398.295845
GDP per capita (current US$),NY.GDP.PCAP.CD,Comoros,COM,903.2043058,879.3488893,938.5953997,903.0337291,652.8980177,800.6235678,786.3807735,714.5199687,633.3090328,681.1638576,764.6134983,959.6910494,1072.28409,1105.787969,1138.479084,1289.736311,1455.027686,1410.30517,1386.575336
GDP per capita (current US$),NY.GDP.PCAP.CD,"Congo, Dem. Rep.",COD,254.8726563,253.7964277,209.7265488,263.3355828,136.5425477,127.0080787,127.4161328,132.3235208,377.9254215,142.6781426,162.3805291,161.4915535,180.664765,214.5397405,255.4452296,294.1016151,352.9003634,280.178991,352.4003988
GDP per capita (current US$),NY.GDP.PCAP.CD,"Congo, Rep.",COG,1175.667091,1112.535212,1164.22443,1034.372008,661.9042737,769.6067948,898.7940502,804.3040501,1024.301591,854.5983144,905.5381355,1016.823634,1306.101363,1799.051584,2103.582138,2206.471019,2832.091778,2271.152192,2946.557981
GDP per capita (current US$),NY.GDP.PCAP.CD,Costa Rica,CRI,1829.668709,2253.381961,2612.387624,2840.387091,3039.563317,3275.252585,3226.964017,3407.776113,3812.753862,3985.12988,4067.718542,4173.148538,4431.01172,4703.007205,5256.596413,6137.711994,6937.242617,6832.698282,8265.788206
GDP per capita (current US$),NY.GDP.PCAP.CD,Cote d'Ivoire,CIV,885.6478422,827.2418892,844.9022238,804.1496572,581.8884686,740.4730999,1170.23622,1124.656749,936.6365413,924.727295,967.8158644,1111.171351,1199.825245,1197.74617,1230.430568,1367.538177,1583.970667,1540.453936,1553.54887
GDP per capita (current US$),NY.GDP.PCAP.CD,Croatia,HRV,5369.109786,4000.916774,2321.152041,2447.503191,3237.926463,4929.020839,5299.748879,5330.914894,4953.57515,5364.881885,6219.560937,8189.990593,9718.927715,10443.4484,11501.23274,13755.81491,15888.11844,14474.52514,13729.74729
GDP per capita (current US$),NY.GDP.PCAP.CD,Cuba,CUB,2694.31698,2268.834932,2047.679003,2063.203663,2613.289719,2785.24443,2282.188093,2306.424834,2751.381771,2842.967043,3005.211042,3202.781099,3399.219629,3786.337992,4329.98266,4807.43889,4986.124365,5089.235198,5272.267558
GDP per capita (current US$),NY.GDP.PCAP.CD,Curacao,CUW,..,..,..,..,..,..,..,..,15841.26124,16609.84545,16723.69253,16695.73511,16671.34034,17032.33566,17400.16378,18005.71659,19423.33524,19540.24766,19847.23101
GDP per capita (current US$),NY.GDP.PCAP.CD,Cyprus,CYP,9641.575195,9696.099609,11310.07227,10526.1416,11617.69238,15261.41699,15139.2207,14234.24121,14388.35254,14821.44922,16093.21582,20252.24609,23792.61914,24959.26172,26729.28125,31244.87891,35541.88672,32236.46289,31105.02734
GDP per capita (current US$),NY.GDP.PCAP.CD,Czechia,CZE,3969.367335,2917.086555,3396.709724,3984.146344,4663.286653,5865.294606,6573.196431,6069.387624,6062.921528,6669.074948,8101.260186,9852.456779,11782.55467,13442.49163,15259.07882,18452.65328,22774.70451,19817.42158,20160.43551
GDP per capita (current US$),NY.GDP.PCAP.CD,Denmark,DNK,26885.69942,27002.80577,29579.49136,27581.72411,29967.83039,35321.09808,35621.98781,32779.87905,30722.02518,30768.47755,33257.16226,40519.09749,46625.0501,48925.80767,52119.1788,58631.65664,64616.66576,58412.74724,58104.54456
GDP per capita (current US$),NY.GDP.PCAP.CD,Djibouti,DJI,780.4977194,732.7331016,763.6592145,758.7338427,784.5562074,786.2018667,761.9436595,748.2328402,737.6121836,742.1337911,743.0132704,764.6344652,806.2616529,844.4483574,898.4646281,969.5732202,1119.152333,1150.937586,1213.233526
GDP per capita (current US$),NY.GDP.PCAP.CD,Dominica,DMA,2892.981597,3171.365778,3376.260501,3536.156092,3805.202788,3951.722671,4210.99532,4372.19713,4867.398963,5527.515273,5488.02785,5447.440115,5778.833065,5695.224424,6055.781096,6459.035037,6971.326338,7487.490104,7549.619647
GDP per capita (current US$),NY.GDP.PCAP.CD,Dominican Republic,DOM,989.1639412,1345.846737,1558.297821,1722.41996,1891.670557,2109.169407,2270.865587,2448.893935,2831.458836,2935.893673,3065.603295,2383.261718,2451.691616,3878.312067,4055.142703,4649.645589,5023.585134,4973.95187,5478.624704
GDP per capita (current US$),NY.GDP.PCAP.CD,Ecuador,ECU,1455.007485,1587.3605,1655.446132,1697.888841,1996.858948,2108.006982,2135.847937,2340.766,1382.234218,1791.303597,2059.158554,2315.622152,2586.209147,2909.02606,3243.670104,3478.924888,4194.757507,4053.363311,4520.30959
GDP per capita (current US$),NY.GDP.PCAP.CD,"Egypt, Arab Rep.",EGY,735.982935,622.829605,680.7992386,740.3342174,807.3035372,916.3266177,1008.976376,1146.201721,1366.092744,1295.137418,1116.828846,1031.275563,991.2556891,1105.539207,1298.979002,1547.741707,1896.215943,2161.639646,2455.081946
GDP per capita (current US$),NY.GDP.PCAP.CD,El Salvador,SLV,892.1827152,955.8268974,1040.781641,1180.268543,1343.929057,1548.376304,1651.310168,1748.92112,1982.870935,2058.044591,2115.411874,2207.830895,2285.689074,2447.391408,2665.618072,2830.656938,2983.248296,2910.186518,3040.07301
GDP per capita (current US$),NY.GDP.PCAP.CD,Equatorial Guinea,GNQ,236.4021884,225.3193785,263.7335471,256.6830237,183.2394827,248.3148962,391.6868682,717.0414816,1487.316551,1948.611459,2264.210656,2930.601837,4901.301274,8673.902609,10184.88412,12616.95329,18210.5553,13232.50194,13720.16587
GDP per capita (current US$),NY.GDP.PCAP.CD,Eritrea,ERI,..,..,265.240963,252.0857771,277.8014236,285.402184,325.8387054,318.9809608,314.3573968,325.4091615,304.7757565,348.9503271,426.8409479,412.7530792,447.9974047,480.4476237,490.066956,642.9257229,539.6995121
GDP per capita (current US$),NY.GDP.PCAP.CD,Estonia,EST,..,..,..,2685.908893,2819.126121,3134.389753,3380.926302,3682.952301,4070.609024,4502.66615,5343.183108,7205.407033,8916.072827,10414.63812,12641.4801,16745.4308,18205.90641,14712.44942,14663.7041
GDP per capita (current US$),NY.GDP.PCAP.CD,Eswatini,SWZ,1277.69173,1273.012245,1361.81698,1397.265933,1461.364001,1750.754008,1619.191197,1705.398749,1629.670388,1429.856304,1315.736346,2015.217431,2525.564045,2871.068774,2964.958652,3109.110976,2946.860661,3189.7968,3922.740394
GDP per capita (current US$),NY.GDP.PCAP.CD,Ethiopia,ETH,262.1089711,277.5659104,207.4064009,168.5204014,127.6859235,136.5236191,147.3274589,143.3695315,122.2692026,118.4572043,109.5938136,116.8004911,133.1698125,158.2434581,189.3457375,237.146256,316.4104751,368.5747123,330.6194128
GDP per capita (current US$),NY.GDP.PCAP.CD,Faroe Islands,FRO,20125.37251,19163.55544,19300.6622,16373.82601,16975.92972,20669.20524,22705.69548,21158.41302,23322.75934,24879.77296,26937.65056,31269.6032,35647.54404,36389.08164,41743.68128,48348.73937,51287.89111,47060.15926,47924.13648
GDP per capita (current US$),NY.GDP.PCAP.CD,Fiji,FJI,1728.940769,1774.992111,1951.255929,2070.047341,2297.180059,2466.743478,2648.327663,2573.723386,1995.720712,1944.997415,2136.567941,2655.580796,3097.190967,3377.69127,3455.105999,3762.746928,3899.922315,3164.132754,3449.144529
GDP per capita (current US$),NY.GDP.PCAP.CD,Finland,FIN,28366.20428,25488.84505,22320.11247,17588.67817,20278.2911,26246.27432,25756.67771,24682.29083,24335.92251,24965.203,26989.38926,32920.08572,37768.13342,39049.87038,41214.01878,48473.02401,53769.47262,47478.34953,46506.2919
GDP per capita (current US$),NY.GDP.PCAP.CD,France,FRA,21586.46746,21500.77784,23615.01686,22238.82506,23359.89851,26791.8152,26757.63515,24169.40081,22340.59395,22331.79483,24144.5727,29479.52221,33644.92822,34696.37183,36431.56589,41486.19078,45464.81814,41728.08842,40694.82117
GDP per capita (current US$),NY.GDP.PCAP.CD,French Polynesia,PYF,16293.18233,16414.81327,17554.37379,16469.7752,16806.05925,18850.31492,18475.72533,16423.02143,14978.3241,14640.93601,16004.05833,19582.89364,21764.22032,21984.19362,22330.86767,24888.17813,26592.02628,24434.21976,22494.80671
GDP per capita (current US$),NY.GDP.PCAP.CD,Gabon,GAB,6050.71469,5345.09653,5385.688117,4105.987013,3828.211181,4414.875583,4942.6787,4508.753405,3982.906201,3835.757183,3966.480019,4710.748628,5465.791936,6547.87614,6847.009857,8003.542897,9688.645197,7290.575261,8356.74662
GDP per capita (current US$),NY.GDP.PCAP.CD,"Gambia, The",GMB,300.6398957,627.5789193,623.4859278,635.3611677,608.2774908,621.6813913,651.7849457,600.2240234,538.0540723,459.8030684,376.531027,308.7191234,593.2853463,616.4836579,614.5443079,724.7264072,859.1276714,774.8880309,801.0333727
GDP per capita (current US$),NY.GDP.PCAP.CD,Georgia,GEO,1610.980271,1307.823427,757.2235485,550.0155426,519.8155788,578.3369235,689.0346342,807.0322858,749.908535,801.9838371,853.5261719,1010.031516,1305.047486,1642.783594,1996.020133,2635.366503,3324.753721,2822.689397,3281.729309
GDP per capita (current US$),NY.GDP.PCAP.CD,Germany,DEU,22385.67783,23443.33508,26559.85439,25616.65088,27201.95936,31747.24494,30599.7891,27046.95655,23925.85599,23878.36415,25486.5942,30711.10225,34566.73591,35084.43635,36980.33499,42350.92172,46379.1648,42471.88686,42396.9666
GDP per capita (current US$),NY.GDP.PCAP.CD,Ghana,GHA,382.5424637,418.2541213,396.4264076,359.8008441,320.5039034,371.537243,389.2712679,377.8419355,253.7469362,263.5421565,297.4616447,358.3992714,406.1321053,478.6119092,906.4410276,1050.124615,1182.657613,1047.704301,1263.892518
GDP per capita (current US$),NY.GDP.PCAP.CD,Gibraltar,GIB,..,..,..,..,..,..,..,..,..,..,..,..,..,..,..,..,..,..,..
GDP per capita (current US$),NY.GDP.PCAP.CD,Greece,GRC,9466.662385,10046.66639,11021.01222,10257.30858,10937.02238,12779.08149,13432.52622,13015.9175,11638.20107,12156.95728,13782.19564,18020.61204,21449.25528,22054.13158,24416.0233,28440.76253,31695.83311,29425.45732,26653.0488
GDP per capita (current US$),NY.GDP.PCAP.CD,Greenland,GRL,18326.9295,18315.31656,18768.82753,16797.35782,18124.09981,21665.82952,21422.46099,19145.61489,19009.07744,19265.51915,20657.95063,27466.64945,32030.99879,32489.72773,35457.62976,39780.94414,44366.78587,44918.84138,44277.19934
GDP per capita (current US$),NY.GDP.PCAP.CD,Grenada,GRD,2782.183969,2983.916432,3052.700187,3026.041542,3152.202048,3294.269883,3508.294237,3724.754662,4839.828111,4819.507767,4984.474059,5427.963773,5480.261176,6338.560114,6344.038377,6864.548168,7448.204056,6932.564722,6909.601696
GDP per capita (current US$),NY.GDP.PCAP.CD,Guam,GUM,..,..,..,..,..,..,..,..,..,..,20909.95903,21877.31784,23618.82669,25631.97761,25709.93515,26605.43242,28112.23166,29054.05812,29719.79678
GDP per capita (current US$),NY.GDP.PCAP.CD,Guatemala,GTM,847.6885618,1014.402797,1096.45977,1165.674427,1292.672028,1421.061778,1481.059868,1638.462819,1648.96579,1537.686636,1669.335175,1722.547019,1840.911849,2046.466117,2225.123475,2458.815739,2763.059882,2611.646328,2805.259602
GDP per capita (current US$),NY.GDP.PCAP.CD,Guinea,GIN,604.3044227,656.4237312,692.6478027,670.7417782,671.5763851,713.0314606,726.0254426,695.5817423,518.1570669,483.0851202,495.9160736,566.4854059,584.8977405,463.1776869,446.9805541,650.1485753,703.5328258,662.1859147,659.2353262
GDP per capita (current US$),NY.GDP.PCAP.CD,Guinea-Bissau,GNB,651.3376407,672.0738788,574.3211064,581.6126818,560.8834225,589.4870231,614.7298925,598.9534702,316.945495,327.138432,362.0345746,419.7848661,431.3765577,463.0739627,448.5130755,519.0697898,640.2103311,583.1900201,600.1942985
GDP per capita (current US$),NY.GDP.PCAP.CD,Guyana,GUY,528.8510953,466.039939,498.1566366,603.0843167,721.4375611,819.6685416,927.5238472,982.8047538,931.7966517,931.5747238,950.8669325,973.7425981,1033.310309,1084.065414,3135.605535,3608.286852,4008.962867,4209.132306,4581.761797
GDP per capita (current US$),NY.GDP.PCAP.CD,Haiti,HTI,451.7202497,496.5459874,316.2765131,258.0663723,292.1342244,372.0061047,377.229465,425.1110859,820.6000468,748.8211598,720.969568,578.9952911,683.1852982,775.8457041,828.8057003,984.5669834,1094.660584,1196.852871,1209.727335
GDP per capita (current US$),NY.GDP.PCAP.CD,Honduras,HND,749.8181136,722.0006579,782.1115187,772.7422477,735.8861472,814.0490756,812.8170476,917.2726512,1092.564007,1132.164875,1132.499653,1156.081627,1215.139954,1304.700392,1425.847801,1577.737892,1732.490627,1781.157036,1893.327227
GDP per capita (current US$),NY.GDP.PCAP.CD,"Hong Kong SAR, China",HKG,13485.63145,15465.92453,17976.46886,20395.56219,22502.53024,23497.39208,24818.30216,27330.09336,25756.77287,25230.37809,24665.83623,23977.17341,24928.10037,26649.63772,28224.09516,30593.95117,31515.52921,30697.53839,32550.13649
GDP per capita (current US$),NY.GDP.PCAP.CD,Hungary,HUN,3323.539672,3361.22268,3747.329664,3886.666084,4187.03118,4509.417409,4542.012038,4606.056973,4629.917608,5280.94888,6658.044943,8410.092482,10291.26947,11212.2047,11478.48916,13934.60546,15762.63225,13051.18318,13189.84339
GDP per capita (current US$),NY.GDP.PCAP.CD,Iceland,ISL,26272.24522,27739.8886,28072.40411,24404.02758,24858.20313,27564.5691,28583.5209,28461.76641,32503.57896,29208.19819,32749.379,39944.21041,47809.60731,57783.77456,58172.14267,70483.01172,57489.33998,41483.78437,43776.46774
GDP per capita (current US$),NY.GDP.PCAP.CD,India,IND,371.0859362,305.5740559,319.1824726,302.8848062,347.7342147,375.1760054,401.0467547,416.2281162,442.7502189,450.3579005,469.149929,544.1431335,624.2588265,710.4880804,801.6683537,1021.887077,992.5195849,1094.949746,1347.519391
GDP per capita (current US$),NY.GDP.PCAP.CD,Indonesia,IDN,578.4201211,624.3874954,673.6710395,817.3951164,899.7939829,1011.226142,1118.92133,1044.606748,763.711125,732.3070934,881.0029136,1043.210584,1126.840044,1238.214476,1558.315628,1823.219763,2124.554839,2218.485419,3065.683484
GDP per capita (current US$),NY.GDP.PCAP.CD,"Iran, Islamic Rep.",IRN,2137.942227,2194.439068,1957.485078,1038.109857,1167.762725,1550.009596,1914.781213,1790.066176,1650.013858,1881.022666,1891.257561,2208.996366,2672.422665,3132.050819,3618.916014,4687.991663,5377.411507,5415.522806,6291.194437
GDP per capita (current US$),NY.GDP.PCAP.CD,Iraq,IRQ,10261.41577,22.95213276,30.25390126,53.74378423,198.1821019,619.1355309,485.2584928,936.3411709,1980.18916,1435.695684,1266.159613,817.8878625,1328.371576,1762.393604,2276.554357,3128.990103,4542.96609,3714.71206,4461.751962
GDP per capita (current US$),NY.GDP.PCAP.CD,Ireland,IRL,14031.30257,14087.20744,15714.38475,14657.06155,15902.92968,19158.45648,20835.89771,22551.11391,26334.56721,28282.40988,32705.43456,41203.52958,47754.20232,50933.02161,54329.16186,61396.41746,61353.10656,52133.09062,48623.96664
GDP per capita (current US$),NY.GDP.PCAP.CD,Isle of Man,IMN,11049.89494,11768.1059,12150.85455,10818.51397,11708.28575,12896.52528,13979.84549,16160.71125,21161.39631,21819.71238,24471.07988,28861.61781,35564.60239,38135.85979,42627.50894,55040.2437,72276.77413,66156.10566,70587.31403
GDP per capita (current US$),NY.GDP.PCAP.CD,Israel,ISR,13300.0985,14337.22806,15500.42015,15169.47313,16796.46381,19013.9433,20212.92298,20457.38572,21690.23734,20948.77457,19058.74629,19624.03214,20550.06947,21261.74743,22499.75417,25688.90161,30231.0191,28469.68173,31398.92669
GDP per capita (current US$),NY.GDP.PCAP.CD,Italy,ITA,20873.78341,22007.1351,23297.04603,18781.95294,19382.20022,20712.17987,23122.93372,21883.98727,20190.00356,20570.43859,22451.39644,27577.57003,31348.19018,32062.72383,33537.1287,37826.17546,40828.57956,37099.6134,35856.86255
GDP per capita (current US$),NY.GDP.PCAP.CD,Jamaica,JAM,1929.598919,1710.300582,1458.101469,2220.515183,2202.85831,2630.849354,2928.896926,3296.916348,3453.092528,3503.550267,3680.645517,3549.707584,3807.562931,4184.439749,4417.001271,4716.486125,5029.800953,4428.381533,4809.97738
GDP per capita (current US$),NY.GDP.PCAP.CD,Japan,JPN,26344.72732,30048.14018,32666.50245,37110.61144,40774.44508,44947.47636,39929.71858,36331.03115,39752.9374,34910.1664,33315.91652,35808.68168,38677.57081,38158.67583,36354.42716,36129.95351,40294.20813,41678.17831,45378.13781
GDP per capita (current US$),NY.GDP.PCAP.CD,Jordan,JOR,1148.590055,1109.655646,1286.634736,1289.414543,1367.187218,1415.711516,1410.174242,1435.875938,1570.610029,1632.29454,1706.267444,1775.676256,1940.086413,2087.870793,2342.634596,2506.205995,3669.830127,3845.343881,4139.042832
GDP per capita (current US$),NY.GDP.PCAP.CD,Kazakhstan,KAZ,1570.008831,1442.424555,1437.598481,1355.134939,1246.83633,1217.791388,1281.391529,1381.635933,1180.044456,1422.273318,1573.552199,1958.020502,2722.474078,3577.35804,5030.134947,6449.439311,8123.547059,6938.011757,8793.0759
GDP per capita (current US$),NY.GDP.PCAP.CD,Kenya,KEN,374.4589929,344.7226421,336.6813998,228.9980328,276.447872,340.0648422,440.5270789,466.7238146,414.6263651,410.7004525,402.9363856,442.8984573,463.6627813,523.4563124,699.8023706,840.2014395,915.5443547,1047.967832,1091.518731
GDP per capita (current US$),NY.GDP.PCAP.CD,Kiribati,KIR,488.0675279,540.1258611,791.9961011,747.7530208,837.9717062,844.4296059,985.8859414,953.1629984,845.3672402,718.8337871,810.1087004,1020.500339,1083.268899,1161.783417,1123.19259,1352.57814,1410.622469,1316.627539,1522.100687
GDP per capita (current US$),NY.GDP.PCAP.CD,"Korea, Dem. People's Rep.",PRK,..,..,..,..,..,..,..,..,..,..,..,..,..,..,..,..,..,..,..
GDP per capita (current US$),NY.GDP.PCAP.CD,"Korea, Rep.",KOR,6812.901942,7872.650524,8387.163083,9179.968725,10733.98889,13001.72059,13864.93765,12821.68933,12710.29958,11981.48282,13642.94245,15211.54838,17121.63016,20167.04749,22609.70594,25078.4854,22252.31251,19937.30291,24071.26205
GDP per capita (current US$),NY.GDP.PCAP.CD,Kosovo,XKX,..,..,..,..,..,..,..,..,..,..,..,..,..,..,..,..,2889.146771,2805.94693,2987.545235
GDP per capita (current US$),NY.GDP.PCAP.CD,Kuwait,KWT,10937.54153,8147.108073,12146.19506,14317.72094,14929.74411,16168.1656,18201.09586,16977.38956,19296.34717,17374.23187,18512.7523,22690.65518,27552.28274,36122.61427,42946.63741,45709.41329,55585.18893,37907.10013,39212.25222
GDP per capita (current US$),NY.GDP.PCAP.CD,Kyrgyz Republic,KGZ,605.798145,569.548584,512.7667411,448.5541909,372.4817599,364.2503653,394.8568796,376.4279301,279.6217385,308.4112955,321.7267754,380.5058288,433.2338733,476.5481936,543.1135125,721.7715775,966.3885694,870.1988945,876.9544764
GDP per capita (current US$),NY.GDP.PCAP.CD,Lao PDR,LAO,200.7349055,231.8062275,247.3452862,283.4005733,320.968129,357.7581622,371.3418792,339.0931924,318.7498522,320.3160054,313.3508171,355.0972162,409.2962983,466.061507,579.3919474,697.3230137,885.7473761,935.0323728,1125.916102
GDP per capita (current US$),NY.GDP.PCAP.CD,Latvia,LVA,..,..,..,..,..,2256.773604,2360.171482,2609.893087,3278.178964,3504.618295,4003.609358,4914.579928,6109.732652,7283.787381,9211.737447,13370.97895,15677.60809,11996.03227,11188.41917
GDP per capita (current US$),NY.GDP.PCAP.CD,Lebanon,LBN,789.5263385,1278.421257,1559.381006,2078.638642,2467.769427,2958.74264,3393.050907,3834.059079,3986.835139,4009.559298,4290.852838,4437.715885,4600.683714,4602.198046,4635.251412,5125.2581,5912.045328,7090.854939,7625.810516
GDP per capita (current US$),NY.GDP.PCAP.CD,Lesotho,LSO,329.5637852,382.2912477,443.6242972,439.3654107,455.5935862,513.4134488,479.6713946,501.9813889,442.7795458,412.6774737,388.9233499,583.2700362,766.6858209,861.3814964,925.4674855,861.1884209,898.4825179,878.8479505,1119.475578
GDP per capita (current US$),NY.GDP.PCAP.CD,Liberia,LBR,172.8676101,177.8670066,107.8428014,74.42720286,61.49043131,62.14381406,71.40652487,122.6279937,298.4853406,300.4638286,299.5364455,239.7795567,284.140224,287.4873334,320.5580862,374.2113081,451.7138563,448.386367,492.252808
GDP per capita (current US$),NY.GDP.PCAP.CD,Libya,LBY,6502.278866,7039.83392,7302.689087,6477.870358,5933.291214,5205.257064,5591.020275,6061.81366,7214.100404,6312.800305,3718.294347,4674.099432,5773.763332,8079.249573,10048.84804,11144.94484,13906.14078,9551.054039,11600.90686
GDP per capita (current US$),NY.GDP.PCAP.CD,Liechtenstein,LIE,49457.56093,50811.74645,55057.11106,55604.548,63935.99024,78909.70434,80688.71825,73590.86203,76087.91111,75067.80017,79795.17859,90108.36736,100280.8314,105295.057,114167.9392,130492.5953,143249.2273,126024.7146,141089.8128
GDP per capita (current US$),NY.GDP.PCAP.CD,Lithuania,LTU,..,..,..,..,..,2182.691569,2340.67546,2844.162868,3300.636349,3532.527874,4148.130915,5507.474342,6734.574871,7857.031488,9210.101182,12295.12128,14955.53455,11854.37111,11829.12261
GDP per capita (current US$),NY.GDP.PCAP.CD,Luxembourg,LUX,33465.47821,35747.3378,39570.86157,40066.72425,43933.23544,51032.34964,50444.35912,46641.64088,48659.6391,48440.18056,53005.7318,65689.32145,76544.91709,80988.20449,90788.81643,107475.3203,120422.1379,109419.747,110885.9914
GDP per capita (current US$),NY.GDP.PCAP.CD,"Macao SAR, China",MAC,9692.435388,10707.37868,13249.83874,14754.18259,15905.26154,17215.11785,17289.5518,17415.69828,15731.40816,15810.72277,16814.99264,18589.89983,23407.19937,25681.21673,29813.78772,35400.23347,38888.5118,40354.28103,52596.22502
GDP per capita (current US$),NY.GDP.PCAP.CD,Madagascar,MDG,326.0992532,262.0244024,290.2120464,307.8876031,258.7238064,273.1496539,339.8772837,284.371844,280.2829056,319.2832782,304.9417774,352.6200958,272.2007486,305.8120749,324.1468749,419.5480014,512.5798001,446.3152384,450.0093916
GDP per capita (current US$),NY.GDP.PCAP.CD,Malawi,MWI,286.730599,325.7527311,258.3934309,293.0168831,169.1965269,200.36237,320.6627356,366.9544613,224.2241592,215.4745249,428.2104398,383.3485969,404.6742484,414.361122,440.822149,475.1802617,554.0488204,625.8697299,683.1246947
GDP per capita (current US$),NY.GDP.PCAP.CD,Malaysia,MYS,2468.690803,2679.201011,3141.43322,3461.995042,3757.652929,4363.144583,4837.168973,4678.563901,4083.528745,3943.799439,4184.031638,4465.321946,4939.248519,5555.5818,6158.407855,7168.930319,8371.821561,7191.432872,8899.345055
GDP per capita (current US$),NY.GDP.PCAP.CD,Maldives,MDV,956.7630198,1054.334138,1194.232524,1316.614549,1419.392765,1554.609428,1716.742818,1898.43225,2213.812351,3033.932345,3076.070072,3548.576701,4070.260946,3796.515465,5018.943354,5758.102869,6757.432809,6734.031656,7173.596018
GDP per capita (current US$),NY.GDP.PCAP.CD,Mali,MLI,353.9032524,381.9935347,385.2786545,372.4122576,266.4553402,331.1931124,359.6620961,320.751523,304.6528702,346.2245542,378.1916786,441.9103585,495.0062947,548.7303828,586.9854155,670.853395,767.1948389,787.4825643,797.1515411
GDP per capita (current US$),NY.GDP.PCAP.CD,Malta,MLT,7192.389947,7558.759216,8220.334039,7296.351111,8000.345329,9828.323664,10061.85007,9893.188854,10348.48577,10357.70264,11251.20249,13593.97872,15212.1313,15831.34398,16653.60383,19444.17436,22405.64263,21261.54287,21946.60731
GDP per capita (current US$),NY.GDP.PCAP.CD,Marshall Islands,MHL,1758.40821,1810.634656,1963.072346,2112.012401,2265.069584,2490.987445,2272.844695,2230.753771,2264.791149,2394.345011,2566.067088,2539.330738,2566.08291,2658.652179,2754.269888,2892.28404,2817.605228,2906.63027,3095.45769
GDP per capita (current US$),NY.GDP.PCAP.CD,Mauritania,MRT,772.0330921,1061.677043,1036.474378,849.6203017,864.5994784,904.7191701,904.1208798,859.2839582,680.9110619,651.8178402,648.8796439,732.0178208,823.5544571,998.9658342,1300.60368,1405.150162,1635.563062,1435.430108,1659.963697
GDP per capita (current US$),NY.GDP.PCAP.CD,Mauritius,MUS,2539.928465,2705.266482,3013.237063,3013.833138,3240.386247,3648.016496,3951.944946,3695.736688,3981.983432,3908.556949,4073.060531,4858.265755,5460.608002,5354.029743,5784.224919,6677.375386,8140.479836,7426.861373,8113.176707
GDP per capita (current US$),NY.GDP.PCAP.CD,Mexico,MEX,3154.469203,3708.842055,4220.566437,6048.348404,6202.365884,4183.878477,4674.367927,5567.355995,7524.027138,7952.764795,7983.033984,7434.07465,7849.667596,8671.758918,9512.635753,10134.33271,10523.76854,8423.569331,9728.800783
GDP per capita (current US$),NY.GDP.PCAP.CD,"Micronesia, Fed. Sts.",FSM,1459.043692,1617.455282,1699.330191,1853.062597,1856.520743,1995.191872,1955.97507,1840.239126,2049.3449,2103.748498,2113.459555,2145.8779,2104.427965,2216.996374,2257.764452,2302.511831,2395.902181,2565.836398,2715.268737
GDP per capita (current US$),NY.GDP.PCAP.CD,Moldova,MDA,1206.502087,1037.899503,778.0176674,796.9893888,573.7986472,593.593177,575.1454551,657.2921346,440.538684,507.4040763,570.7998662,682.319096,897.1784947,1034.391977,1183.024814,1531.216186,2110.553054,1898.439757,2436.799351
GDP per capita (current US$),NY.GDP.PCAP.CD,Monaco,MCO,81734.8665,80997.25209,88614.92637,82685.45593,86703.81305,99032.23751,98561.01374,88581.70447,81789.01451,82402.77464,90051.44631,111110.4605,125160.2829,130538.7114,143083.5094,184558.4554,204263.8932,169150.3376,161853.9227
GDP per capita (current US$),NY.GDP.PCAP.CD,Mongolia,MNG,1220.171277,1098.680174,607.8134247,354.8986131,422.8643494,652.6745628,595.581015,515.2980049,476.0275508,524.4534836,570.2492132,643.1680689,794.154552,994.9001091,1329.891796,1627.687877,2127.426786,1703.327568,2625.218814
GDP per capita (current US$),NY.GDP.PCAP.CD,Montenegro,MNE,..,..,..,..,..,..,..,1375.326168,1627.065119,1909.598702,2109.306319,2789.954351,3386.380994,3675.988513,4422.551726,5979.438132,7390.014813,6726.675897,6678.639396
GDP per capita (current US$),NY.GDP.PCAP.CD,Morocco,MAR,1229.071045,1292.233765,1327.029541,1226.430542,1358.794434,1466.788208,1596.832397,1426.301147,1499.107422,1506.245239,1596.02063,1941.872559,2183.55542,2242.988281,2438.126465,2755.585938,3183.200439,3119.588623,3067.985352
GDP per capita (current US$),NY.GDP.PCAP.CD,Mozambique,MOZ,..,288.7080925,205.5852161,205.1898442,196.7631432,191.8260969,244.362651,287.5320915,327.1262398,304.7921386,313.8866617,339.4887378,400.0569732,436.7738562,457.4876478,507.8749239,592.1591112,547.6971442,496.1858394
GDP per capita (current US$),NY.GDP.PCAP.CD,Myanmar,MMR,53.12254011,51.24089706,58.88967396,76.21288948,105.3915611,124.1434804,141.8972676,108.0397703,196.6195806,141.5256607,146.5983904,224.2926889,224.5088114,252.6851931,303.4950871,419.3757807,658.4424872,758.4429358,1010.534173
GDP per capita (current US$),NY.GDP.PCAP.CD,Namibia,NAM,2037.475894,2116.905525,2346.86243,2154.964737,2355.904457,2483.203534,2423.398291,2459.645118,2156.675905,1915.589266,1772.075655,2569.247393,3403.154962,3685.773,4017.183472,4379.043137,4204.785554,4302.913741,5418.216334
GDP per capita (current US$),NY.GDP.PCAP.CD,Naoero,NRU,5775.553474,5333.379549,5102.596859,4310.244333,3920.53973,3932.091094,3678.562429,3661.028467,2648.601529,2232.30874,2084.648245,2463.282591,3040.513499,2992.403828,2910.141458,2272.152913,3756.845312,4410.567647,4735.920005
GDP per capita (current US$),NY.GDP.PCAP.CD,Nepal,NPL,185.7946004,195.7166214,165.0295941,172.8052026,187.2581762,197.8430013,198.8219074,211.8348696,223.8302892,240.7951145,238.891403,246.4297066,279.58775,309.0241683,340.4317964,385.4497677,464.8173919,473.0787512,585.278492
GDP per capita (current US$),NY.GDP.PCAP.CD,Netherlands,NLD,21322.19448,21764.2145,23939.21735,23156.44044,24682.58667,29301.19405,29063.62365,26744.96013,26225.16977,26955.7128,29446.53309,35896.75046,40611.34144,42165.39617,45123.54324,52100.79963,58246.70269,53172.02616,51305.73385
GDP per capita (current US$),NY.GDP.PCAP.CD,New Caledonia,NCL,14334.68074,14642.51797,15713.71986,14787.21651,15534.30933,18107.88808,17592.05027,15704.95935,15329.72972,14482.36063,16104.55204,20768.10615,24475.64885,25528.29184,28193.25376,35177.65353,35723.90332,33836.49408,35798.90848
GDP per capita (current US$),NY.GDP.PCAP.CD,New Zealand,NZL,13663.02162,12230.07345,11793.13924,13094.34545,15280.31278,17400.42018,18794.43604,17474.18703,13641.10272,13882.85683,16874.18749,21913.70817,25420.23488,27751.06547,26654.5932,32479.98174,31324.7398,28276.72554,33761.90096
GDP per capita (current US$),NY.GDP.PCAP.CD,Nicaragua,NIC,242.5083906,349.5143186,411.4733307,394.378074,849.1793314,891.7793523,910.8616459,912.7574298,1017.312443,1051.874236,1014.333904,1021.352167,1098.621187,1183.30214,1248.173716,1350.381458,1523.684371,1467.082881,1526.56707
GDP per capita (current US$),NY.GDP.PCAP.CD,Niger,NER,423.8874606,384.4431168,384.0296573,335.4295819,206.2146171,237.0199896,239.4945132,220.5629572,194.7719599,205.4179361,225.2943911,265.2253635,283.4682818,318.6431219,333.3450784,387.1680659,475.0449554,461.131534,474.4256923
GDP per capita (current US$),NY.GDP.PCAP.CD,Nigeria,NGA,556.3764491,596.9387957,508.5159057,539.5732023,744.8842472,1271.616174,1632.724694,1720.275409,547.3182989,566.4282318,712.1648521,763.3887454,962.4810419,1211.377035,1599.538916,1815.526975,2154.105435,1820.486339,2202.25673
GDP per capita (current US$),NY.GDP.PCAP.CD,North Macedonia,MKD,2277.303723,2402.135177,1198.928298,1336.647756,1786.354883,2355.247054,2306.53367,1959.560738,1861.898998,1823.022677,1989.135373,2445.362864,2818.581456,3120.984014,3440.441106,4204.113288,5026.420299,4799.787228,4833.365868
GDP per capita (current US$),NY.GDP.PCAP.CD,Northern Mariana Islands,MNP,..,..,..,..,..,..,..,..,..,..,19227.88942,18938.87284,18924.58319,17015.74879,16314.55786,15914.2193,16430.44619,14369.63398,14771.40375
GDP per capita (current US$),NY.GDP.PCAP.CD,Norway,NOR,28137.48373,28427.25242,30328.21092,27792.65992,29129.73509,34658.69483,37072.60003,36324.14735,37991.89076,38458.25309,43048.28874,50208.09602,57854.56982,67358.3616,75047.7417,86600.23876,99001.53007,81939.72655,90020.34226
GDP per capita (current US$),NY.GDP.PCAP.CD,Oman,OMN,7545.703052,6977.328592,7317.788158,7038.930159,7068.38997,7414.302792,8068.000768,8234.640638,9753.847552,9611.963602,9869.130502,10463.54258,11800.85074,14434.85779,16930.85651,18792.65377,26576.77924,20655.91802,23570.17981
GDP per capita (current US$),NY.GDP.PCAP.CD,Pakistan,PAK,344.4554738,380.0198433,395.6772086,407.8881407,399.9559276,450.5502793,456.9969618,438.0309427,642.3383465,609.9395069,599.9373457,672.4417867,771.9022473,827.6198612,900.873565,998.0901142,1067.043246,963.7880664,987.3045711
GDP per capita (current US$),NY.GDP.PCAP.CD,Palau,PLW,6402.929615,6824.343538,6552.711239,5891.503787,6329.069767,7038.005234,7788.29727,7944.599072,7798.075106,8239.263868,8340.18965,7862.392861,8393.730291,9367.686153,9737.019439,10155.04708,10471.151,9837.498831,10018.06524
GDP per capita (current US$),NY.GDP.PCAP.CD,Panama,PAN,2620.138273,2820.545477,3139.899529,3358.414117,3508.195701,3513.897379,3308.184296,3545.976709,3975.093087,3991.776708,4090.586174,4264.664288,4644.565824,5017.741092,5528.767055,6317.817303,7347.590503,7796.92617,8331.464214
GDP per capita (current US$),NY.GDP.PCAP.CD,Papua New Guinea,PNG,826.3171521,941.7077216,1050.707169,1151.283881,1228.243436,998.2299674,1071.041852,989.721551,635.957919,537.8474596,506.3317895,577.4679224,620.5961477,744.48649,1238.182829,1370.753416,1624.793199,1568.831934,1866.868899
GDP per capita (current US$),NY.GDP.PCAP.CD,Paraguay,PRY,1440.158296,1685.268901,1682.674448,1661.709553,1760.288071,1978.715141,2088.171091,2078.508413,1736.117292,1637.686151,1367.765069,1443.998852,1786.215339,1970.871699,2439.431247,3211.936217,4384.954694,3941.848155,4750.962737
GDP per capita (current US$),NY.GDP.PCAP.CD,Peru,PER,1199.666668,1527.388795,1567.409108,1487.674043,1879.366578,2189.534315,2226.916824,2300.672008,1945.413385,1929.57273,2007.370196,2129.441142,2397.251473,2706.669473,3129.559965,3581.089308,4197.584446,4181.187555,5072.11494
GDP per capita (current US$),NY.GDP.PCAP.CD,Philippines,PHL,803.5725883,804.3233305,916.5156945,918.6429538,1059.983895,1199.841714,1311.092494,1273.276049,1050.792731,969.5306117,1014.908793,1027.230119,1099.63013,1220.460186,1426.146492,1712.655433,1959.292335,1864.450434,2162.913759
GDP per capita (current US$),NY.GDP.PCAP.CD,Poland,POL,1731.209509,2235.541089,2459.020685,2497.130559,2874.831636,3700.959568,4163.511954,4137.008318,4520.641004,5015.2379,5223.45179,5720.813662,6711.727153,8043.923323,9068.855283,11272.52937,14048.56047,11556.30269,12567.73177
GDP per capita (current US$),NY.GDP.PCAP.CD,Portugal,PRT,7884.617988,8958.985333,10810.56651,9534.656364,9977.319909,11781.36185,12185.0914,11575.50711,11526.37207,11734.76497,12936.69282,15797.78213,18064.15809,18780.12751,19839.45405,22811.05648,24949.04136,23151.21541,22551.9351
GDP per capita (current US$),NY.GDP.PCAP.CD,Puerto Rico (US),PRI,8652.507492,9064.018517,9659.3389,10212.27676,10876.41882,11579.185,12173.16369,12817.64496,16192.12697,18123.1987,18731.45939,19557.12025,20988.99233,21959.3227,22935.94116,23664.88235,24898.33459,25768.72589,26414.88106
GDP per capita (current US$),NY.GDP.PCAP.CD,Qatar,QAT,16721.62108,15133.49694,16280.29359,14769.71882,14764.8767,15822.50928,17124.79261,20522.80145,27535.18294,25870.79919,27226.65935,31602.47087,41035.50084,53949.67641,62582.44531,65954.11464,80781.21139,60785.73516,77387.29364
GDP per capita (current US$),NY.GDP.PCAP.CD,Romania,ROU,1648.48523,1254.312442,1102.103785,1158.056328,1323.032378,1650.049224,1633.010644,1577.33656,1659.929049,1825.192994,2119.855097,2679.40626,3494.990564,4618.003508,5757.531273,8360.337759,10435.15612,8548.454341,8399.537423
GDP per capita (current US$),NY.GDP.PCAP.CD,Russian Federation,RUS,3494.063232,3490.452393,3098.802734,2930.670166,2662.104004,2665.779785,2643.929199,2737.572021,1771.594116,2100.352539,2377.529541,2975.123047,4102.364746,5323.455078,6920.199707,9101.239258,11635.28418,8562.824219,10674.99023
GDP per capita (current US$),NY.GDP.PCAP.CD,Rwanda,RWA,345.7734951,253.966902,264.0839145,247.0233185,110.9536683,227.9711478,206.0491142,238.7493714,251.8692639,237.3088462,234.0430168,249.012275,269.5404463,324.0168638,352.0939166,420.7335807,522.2883394,556.9739962,586.5999504
GDP per capita (current US$),NY.GDP.PCAP.CD,Samoa,WSM,743.994213,741.5639638,776.7408244,774.9886316,1276.850216,1288.104733,1419.35849,1607.887443,1424.7524,1453.870213,1527.557905,1798.124297,2189.260426,2550.042214,2663.291359,3038.619041,3373.606399,3279.182695,3524.247925
GDP per capita (current US$),NY.GDP.PCAP.CD,San Marino,SMR,..,..,..,..,..,..,..,37852.98103,37600.70491,39035.10043,41790.84342,52529.9137,58232.04313,59877.78627,63270.79945,70124.425,75902.16777,62429.02027,56543.19056
GDP per capita (current US$),NY.GDP.PCAP.CD,Sao Tome and Principe,STP,970.0596256,855.1050758,740.4713186,963.7856987,989.5007578,768.7107512,987.0487124,661.6682328,529.0893834,518.8805013,568.1025725,663.6962118,726.5608821,844.1691819,861.9707077,878.8857919,1081.868458,1128.280462,1045.209582
GDP per capita (current US$),NY.GDP.PCAP.CD,Saudi Arabia,SAU,11054.7495,11847.16995,11730.26877,10884.86079,10601.91967,10786.4009,11471.5046,11545.3456,11714.56237,10805.31133,10586.05435,11487.22041,13154.4979,15975.74738,17563.61454,18596.15026,22320.4889,17718.39116,22028.39014
GDP per capita (current US$),NY.GDP.PCAP.CD,Senegal,SEN,957.3143374,913.3995758,951.2049601,877.5290034,583.782776,714.9943964,723.4699501,650.7763214,603.2331625,637.2135306,669.4304473,817.8880342,918.1020795,979.8461015,1017.201967,1188.938778,1398.79218,1308.694043,1275.883575
GDP per capita (current US$),NY.GDP.PCAP.CD,Serbia,SRB,..,..,..,..,..,2349.406452,3053.905169,3573.504402,974.7254693,1812.420883,2390.734594,3153.901131,3597.087981,3807.974173,4492.71367,6081.087657,7376.735179,6414.044846,5970.926609
GDP per capita (current US$),NY.GDP.PCAP.CD,Seychelles,SYC,5642.072897,5654.639757,6520.489505,6978.680754,6974.867706,7180.668327,7004.336039,7746.698513,8063.655006,8153.298637,8864.169195,9070.284608,10827.67164,11802.11183,12782.99389,12669.30267,11265.43763,9747.091805,10934.79495
GDP per capita (current US$),NY.GDP.PCAP.CD,Sierra Leone,SLE,154.7940725,183.686515,163.1975717,184.9516092,218.5072751,208.3519973,224.2587112,199.8800014,143.7437432,358.3157161,388.9951112,413.8176073,417.7499833,462.6333244,580.2679697,631.8899263,705.3590141,652.8458068,685.0396735
GDP per capita (current US$),NY.GDP.PCAP.CD,Singapore,SGP,11861.75616,14502.37999,16136.24054,18290.13011,21552.41004,24914.8507,26232.8661,26375.86537,23852.83895,21699.74149,22159.83737,23730.38401,27608.08001,29961.31728,33768.45282,39432.88602,40008.57205,38926.80544,47236.68308
GDP per capita (current US$),NY.GDP.PCAP.CD,Sint Maarten (Dutch part),SXM,..,..,..,..,..,..,..,..,..,..,..,..,..,..,..,..,..,25528.41262,26403.81437
GDP per capita (current US$),NY.GDP.PCAP.CD,Slovak Republic,SVK,3221.045908,2253.879119,2437.876302,2627.44824,3027.821383,3787.038202,4069.118977,4091.684529,3827.725065,3974.368029,4606.387935,6283.151693,7996.740766,9087.20357,10629.17823,14330.20649,17973.84364,16586.75278,16899.44868
GDP per capita (current US$),NY.GDP.PCAP.CD,Slovenia,SVN,9925.14071,7229.311498,7151.152438,7254.588874,8243.898955,10738.08876,10796.73994,10436.72607,10135.72191,10375.62559,11639.12978,14711.67487,17103.82978,17969.70959,19563.00506,23725.1596,27461.97642,24501.78973,23329.84177
GDP per capita (current US$),NY.GDP.PCAP.CD,Solomon Islands,SLB,648.3252126,665.8331041,763.8579685,828.8699978,1078.041093,1220.179193,1289.330369,1292.239519,953.1719014,911.7919354,756.8902965,895.9842425,986.0709535,1144.492334,1255.624474,1390.14871,1525.846663,1554.70671,1685.145358
GDP per capita (current US$),NY.GDP.PCAP.CD,"Somalia, Fed. Rep.",SOM,145.6035014,105.3713265,109.2049105,188.6031587,210.7937796,210.6732546,237.241441,280.1127242,386.1192744,244.9148425,229.5989183,286.2730252,375.4103262,439.9799078,457.9966622,479.6356281,507.0374433,246.5132517,219.2024539
GDP per capita (current US$),NY.GDP.PCAP.CD,South Africa,ZAF,3093.489204,3243.23616,3462.394002,3399.640096,3488.597115,3855.634087,3617.55336,3700.235548,3217.846934,2847.151919,2688.23676,4062.21756,5221.463337,5836.876633,6077.382934,6591.85536,6184.754743,6374.7056,7973.471958
GDP per capita (current US$),NY.GDP.PCAP.CD,South Sudan,SSD,..,..,..,..,..,..,..,..,..,..,..,..,..,..,..,..,1654.211535,1323.220687,1498.27035
GDP per capita (current US$),NY.GDP.PCAP.CD,Spain,ESP,13795.01594,14801.32262,16100.67994,13330.37982,13405.70441,15460.91103,16100.62158,14722.37176,14743.2671,15368.2338,17111.06851,21522.0171,24925.02678,26450.95301,28421.68653,32652.01559,35603.24833,32279.82085,30658.74223
GDP per capita (current US$),NY.GDP.PCAP.CD,Sri Lanka,LKA,491.2136862,546.2925156,579.6551176,607.2318471,678.268012,741.8382553,776.1923711,827.0357561,860.1998843,803.5440266,834.9360149,946.3822551,1028.620681,1207.219948,1388.897391,1578.634511,1973.584769,2026.6594,2808.362452
GDP per capita (current US$),NY.GDP.PCAP.CD,St. Kitts and Nevis,KNA,5373.44824,5464.610257,5947.121136,6395.314377,7065.28292,7406.444861,7788.428399,8626.722575,9319.655451,10022.59192,10453.65871,10175.62954,10944.61837,11783.78672,13837.84953,14757.95798,16604.94486,16503.41193,16622.94579
GDP per capita (current US$),NY.GDP.PCAP.CD,St. Lucia,LCA,4204.571619,4398.679069,4759.838678,4764.724648,4892.067336,5147.92024,5244.016651,5282.370114,5879.561914,5570.452471,5567.894284,6058.606221,6494.600349,6863.436419,7611.178567,7964.382115,8516.960755,8250.521807,8673.687203
GDP per capita (current US$),NY.GDP.PCAP.CD,St. Martin (French part),MAF,..,..,..,..,..,..,..,..,..,..,..,..,..,..,..,..,..,..,..
GDP per capita (current US$),NY.GDP.PCAP.CD,St. Vincent and the Grenadines,VCT,2149.739444,2270.763572,2470.518408,2539.649686,2563.249766,2795.363056,2930.443947,3073.778474,3768.955366,4071.086011,4303.279768,4499.614542,4873.489477,5157.393739,5744.827862,6398.191235,6598.905315,6463.787773,6551.96836
GDP per capita (current US$),NY.GDP.PCAP.CD,Sudan,SDN,1257.1875,1617.556763,252.6100922,312.6939087,439.4208069,462.5852356,294.8269653,373.09375,362.1168823,451.2933044,506.2626343,580.3202515,705.1133423,905.5436401,1132.474609,1444.372192,1527.582397,1178.221802,1305.635986
GDP per capita (current US$),NY.GDP.PCAP.CD,Suriname,SUR,941.5917361,1079.725213,968.8952535,1022.445835,1433.542557,1609.825044,1962.884958,2067.598149,1988.221729,1714.648466,2202.340682,2516.10404,2887.772173,3453.428659,5002.657987,5530.176156,6576.085463,7129.576863,7943.604828
GDP per capita (current US$),NY.GDP.PCAP.CD,Sweden,SWE,30549.31857,31776.66802,32753.4287,24389.87381,26045.5197,30254.0273,33022.24448,30324.18458,29632.58908,27259.31743,29957.77767,37292.24197,42758.00486,43378.40774,46531.37622,53568.30578,55817.17597,46707.6425,52542.57591
GDP per capita (current US$),NY.GDP.PCAP.CD,Switzerland,CHE,40170.86968,40140.37189,41327.18329,39828.36403,43741.10648,50868.97345,48837.80726,42159.99627,39298.0968,40133.6102,43094.24928,49947.39102,55349.61646,57080.07043,59910.29341,66082.1234,75147.53767,72788.20495,77956.1262
GDP per capita (current US$),NY.GDP.PCAP.CD,Syrian Arab Republic,SYR,978.489617,1000.077987,990.1382512,992.7713675,712.3877166,779.6991002,918.1958574,940.8265898,1138.187227,1177.538069,1189.981195,1220.179077,1368.112639,1533.900176,1718.7847,1937.611991,2429.124763,2462.201273,2730.614878
GDP per capita (current US$),NY.GDP.PCAP.CD,Tajikistan,TJK,487.0361287,457.7678259,337.8331455,287.6201238,261.2712545,207.0344573,172.0350887,150.0885502,136.9257164,168.6762854,186.9516383,233.5812485,305.7451586,333.9271509,401.0184033,516.9972106,703.3273759,664.7956557,737.3388832
GDP per capita (current US$),NY.GDP.PCAP.CD,Tanzania,TZA,243.611557,276.4524536,250.3299255,224.4915466,228.8900299,258.418335,313.6583862,363.5976868,401.6981506,396.6387329,402.6490479,422.1835938,450.3852844,483.3348694,475.7467346,543.1983032,675.9772339,693.8235474,736.5301514
GDP per capita (current US$),NY.GDP.PCAP.CD,Thailand,THA,1559.112093,1765.622674,1971.608799,2245.136887,2517.707326,2864.365157,3054.656908,2473.14097,2005.976945,1889.934325,2089.751831,2347.540013,2641.562687,2867.703834,3331.320435,3918.528174,4309.135093,4135.43987,4973.862888
GDP per capita (current US$),NY.GDP.PCAP.CD,Timor-Leste,TLS,168.6210102,189.7946492,235.0647677,264.0669948,283.0580005,302.736982,344.0133276,348.864241,492.4576694,587.7006928,533.9824764,534.9011537,474.4207673,487.4645554,464.6670018,540.1545842,628.1532193,686.5792958,813.0601773
GDP per capita (current US$),NY.GDP.PCAP.CD,Togo,TGO,619.1848419,591.9391384,607.9460069,448.0339699,355.4295794,449.8559691,482.2746272,476.8904849,440.4203991,426.8836059,479.4383739,579.7281959,604.3113291,595.200212,596.2492031,654.0836977,771.3511904,770.1728698,750.3234211
GDP per capita (current US$),NY.GDP.PCAP.CD,Tonga,TON,1139.055382,1323.400986,1370.361426,1383.473866,1956.661804,2084.027595,2214.914748,2135.521111,1995.076675,1753.516676,1759.480532,1936.04104,2195.4489,2477.726201,2750.347786,2797.065601,3218.45304,2914.23774,3416.083566
GDP per capita (current US$),NY.GDP.PCAP.CD,Trinidad and Tobago,TTO,4047.250936,4205.377783,4277.474369,3646.712317,3839.962902,4114.689085,4427.278324,4393.944969,6178.589756,6657.414669,6762.930808,8445.046535,9871.034198,12346.43731,14152.66074,16606.67536,21298.99453,14634.0565,16815.42474
GDP per capita (current US$),NY.GDP.PCAP.CD,Tunisia,TUN,1476.431605,1537.879165,1784.818502,1649.185373,1733.466147,1968.166009,2107.408156,2202.060906,2199.044659,2235.719816,2320.772381,2725.864315,3067.419364,3146.826074,3322.569336,3726.916729,4255.05008,4080.090324,4291.861209
GDP per capita (current US$),NY.GDP.PCAP.CD,Turkiye,TUR,2689.526219,2649.2726,2743.653203,3057.937375,2176.280181,3845.989979,4041.362103,4197.376362,4199.379864,3052.225671,3591.08629,4649.636681,5979.605422,7331.854294,7990.082514,9766.917345,10913.4079,9076.924722,10698.96994
GDP per capita (current US$),NY.GDP.PCAP.CD,Turkmenistan,TKM,848.1550474,831.9987321,811.3541565,788.4189142,622.1347802,592.2472473,557.8942201,565.022638,633.8354876,756.0349763,935.5408015,1228.948703,1379.230097,1604.016185,1996.593107,2414.96072,3605.503951,3707.978507,4058.53937
GDP per capita (current US$),NY.GDP.PCAP.CD,Turks and Caicos Islands,TCA,..,..,..,..,..,..,..,..,..,18325.74581,17803.94718,18859.18903,21246.0098,24122.30282,28734.28731,29443.8523,31453.82288,24596.8938,23093.84983
GDP per capita (current US$),NY.GDP.PCAP.CD,Tuvalu,TUV,1084.667072,1134.331756,1165.637104,1141.179044,1278.658701,1284.764461,1427.809605,1461.08618,1559.220723,1475.037059,1729.169686,2020.101039,2330.774034,2298.442573,2413.978365,2803.753655,3062.00126,2662.428656,3054.961542
GDP per capita (current US$),NY.GDP.PCAP.CD,Uganda,UGA,244.9871681,182.9558973,152.1135424,165.6164762,198.441988,278.5208357,284.6982593,286.8466379,258.0503387,236.0211889,241.9846884,250.7154366,292.381858,330.4054027,346.5182553,401.3891309,472.8426815,798.9470899,823.4881443
GDP per capita (current US$),NY.GDP.PCAP.CD,Ukraine,UKR,1563.634155,1482.639648,1413.240112,1254.028687,1009.094055,933.1917725,869.8460693,987.4898071,653.2943115,800.4907227,903.0119019,1076.481567,1401.018066,1875.335083,2366.494141,3160.327637,4017.806641,2607.087646,3039.632324
GDP per capita (current US$),NY.GDP.PCAP.CD,United Arab Emirates,ARE,26709.95679,25690.91512,25648.28075,25032.82693,25472.64707,27003.17538,28323.15869,27982.75255,29865.5285,27745.16845,27753.58105,29659.57103,33376.68805,38719.31383,44342.60306,45854.73524,50054.17007,37803.06637,44795.28462
GDP per capita (current US$),NY.GDP.PCAP.CD,United Kingdom,GBR,19095.467,19900.72665,20487.17079,18389.01957,19709.2381,23252.61571,24503.38296,26910.13815,28383.87611,28013.87296,30158.70178,34556.77261,40504.41181,42240.2463,44695.16102,50629.07992,47652.40307,39009.37155,39778.32205
GDP per capita (current US$),NY.GDP.PCAP.CD,United States,USA,23888.60001,24342.2589,25418.99078,26387.29373,27694.85342,28690.8757,29967.71272,31459.12997,36329.97026,37133.6204,37997.74243,39490.30239,41724.6412,44123.39965,46301.98765,48050.22741,48570.05943,47194.95009,48642.63121
GDP per capita (current US$),NY.GDP.PCAP.CD,Uruguay,URY,2995.361057,3589.015419,4101.710542,4753.009247,5507.564813,6050.486323,6398.435752,7436.293426,6987.700988,6382.761047,4149.761403,3671.123293,4168.660654,5284.25678,6001.332948,7222.054036,9423.965626,9881.395731,12641.05768
GDP per capita (current US$),NY.GDP.PCAP.CD,Uzbekistan,UZB,652.9376529,658.3135505,602.9205258,595.7770996,574.2290799,582.5421367,597.332287,620.5912958,555.1492311,454.4158123,381.4092969,394.1640289,462.1714929,542.8358087,649.118167,824.0281923,1074.729288,1205.799355,1956.781273
GDP per capita (current US$),NY.GDP.PCAP.CD,Vanuatu,VUT,1140.590203,1326.373213,1343.689429,1257.293875,1430.993678,1491.78967,1529.275731,1562.030907,1460.238177,1350.183382,1340.715375,1566.513968,1774.318676,1873.991426,2034.792896,2333.705067,2603.608831,2546.383246,2815.18829
GDP per capita (current US$),NY.GDP.PCAP.CD,"Venezuela, RB",VEN,2451.552311,2632.539698,2907.303344,2824.691444,2688.983251,3486.983506,3112.825848,3710.826884,4776.281676,4920.393136,3652.098965,3229.505571,4269.089709,5432.485418,6739.380653,8331.62097,11262.45143,11596.60219,13646.30466
GDP per capita (current US$),NY.GDP.PCAP.CD,Viet Nam,VNM,98.79833703,143.7152702,144.5493924,189.4185736,229.8577873,287.802661,337.0512318,361.6438841,404.0297841,419.2056776,445.1328618,497.1170892,565.4522846,710.74676,807.7566451,925.6403383,1163.831958,1226.169761,1683.161824
GDP per capita (current US$),NY.GDP.PCAP.CD,Virgin Islands (U.S.),VIR,..,..,..,..,..,..,..,..,..,..,30062.02251,31731.25662,35006.36144,40828.74609,41377.1466,44158.5054,39152.37507,38753.18254,39905.12842
GDP per capita (current US$),NY.GDP.PCAP.CD,West Bank and Gaza,PSE,..,..,..,..,1201.581542,1326.562857,1317.466751,1389.164971,1476.17185,1335.553195,1156.217473,1257.69857,1422.190886,1543.701414,1570.1044,1664.245717,2035.202341,2191.781787,2557.075624
GDP per capita (current US$),NY.GDP.PCAP.CD,"Yemen, Rep.",YEM,910.422466,1016.30223,1198.130317,1396.615444,1735.044195,764.4146561,375.2149947,382.5849287,493.2351826,487.1412579,513.2414866,548.905883,627.6320234,734.1599085,809.7131276,890.3057681,1071.635833,969.2435099,1155.203053
GDP per capita (current US$),NY.GDP.PCAP.CD,Zambia,ZMB,422.3362988,423.0712568,389.2546658,390.9166738,426.3865984,433.3127826,399.5113047,465.8719422,359.429501,396.548953,393.8646255,446.2901048,548.6859746,710.9820682,1051.717149,1118.731626,1375.50211,1136.241683,1451.10616
GDP per capita (current US$),NY.GDP.PCAP.CD,Zimbabwe,ZWE,866.9288684,830.9613548,631.1491493,604.7031165,634.062003,648.3152596,766.9137759,750.5831003,562.8337575,566.3887464,524.9364786,468.4719329,469.7192989,461.2713875,431.0349944,413.5212446,340.9174476,735.8216939,902.0107591
GDP per capita (current US$),NY.GDP.PCAP.CD,Africa Eastern and Southern,AFE,822.4043718,864.1755287,732.9121387,709.3247179,700.7732954,766.5242106,746.7885814,767.4006926,706.7284408,625.8288602,630.5133802,815.4336575,989.0171147,1126.299204,1235.170879,1381.445251,1447.427775,1408.615659,1628.768573
GDP per capita (current US$),NY.GDP.PCAP.CD,Africa Western and Central,AFW,593.8315135,608.6689984,567.9262988,575.2817091,580.8014662,867.8186583,1070.836244,1093.067176,519.6425995,533.6771797,620.1607082,698.4105977,839.3458515,1001.134465,1236.316041,1407.728817,1668.615653,1455.223919,1664.492045
GDP per capita (current US$),NY.GDP.PCAP.CD,Arab World,ARB,2875.130523,2048.705837,1996.288308,1987.753322,2018.668086,2080.998052,2193.859544,2305.609495,2664.125447,2536.152665,2483.502703,2696.672509,3133.70137,3750.698172,4355.057615,4940.701537,6100.539376,5142.656331,5957.505395
GDP per capita (current US$),NY.GDP.PCAP.CD,Caribbean small states,CSS,3713.695348,3792.220749,3842.681385,3698.863807,3930.33085,4144.506196,4424.439578,5198.506326,6477.264821,6647.625478,6903.074186,7551.089834,8233.610825,9439.337206,10883.04755,12134.9067,13890.13031,11554.05892,12652.56913
GDP per capita (current US$),NY.GDP.PCAP.CD,Central Europe and the Baltics,CEB,2499.272579,2210.978714,2291.902375,2432.47858,2767.168147,3539.724881,3750.803094,3704.238824,3880.426959,4274.132364,4843.410648,5828.296601,7046.221888,8223.09811,9337.740497,11906.49597,14534.24675,12302.05933,12635.77821
GDP per capita (current US$),NY.GDP.PCAP.CD,Early-demographic dividend,EAR,936.9711611,971.300796,1032.290065,1090.28778,1122.641038,1150.885889,1221.856749,1278.95401,1346.198726,1311.076578,1251.30345,1368.429992,1563.060388,1788.22041,2011.023508,2342.587821,2595.480336,2458.164651,2941.653304
GDP per capita (current US$),NY.GDP.PCAP.CD,East Asia & Pacific,EAS,2679.403568,2984.564066,3219.101942,3556.030953,3927.621565,4393.561618,4187.959096,3953.641804,4139.471267,3814.309464,3844.086814,4188.4628,4657.508348,4931.626056,5191.9067,5760.129388,6593.644773,6735.160595,7808.070104
GDP per capita (current US$),NY.GDP.PCAP.CD,East Asia & Pacific (excluding high income),EAP,416.9387823,445.8047532,493.0608837,533.8860617,634.195223,772.3046021,876.0380215,895.6288608,961.3014224,1014.52467,1113.999152,1251.277715,1439.932145,1653.679713,1976.632047,2481.387558,3117.832792,3359.518415,4057.865905
GDP per capita (current US$),NY.GDP.PCAP.CD,East Asia & Pacific (IDA & IBRD countries),TEA,422.0714101,451.2852751,499.1127551,540.4275087,641.9604376,781.740273,886.7018398,906.4930213,972.8331739,1026.64921,1127.250934,1266.107789,1456.966947,1673.18872,1999.859958,2510.420631,3154.169173,3398.528108,4104.801398
GDP per capita (current US$),NY.GDP.PCAP.CD,Euro area,EMU,18258.73286,18809.99905,20643.68563,18837.40679,19839.93707,22873.51913,23072.6627,21057.84819,19563.09088,19818.8194,21551.1261,26413.87679,30138.88748,31116.27036,32961.28863,37801.93161,41406.65989,37790.12017,36841.2601
GDP per capita (current US$),NY.GDP.PCAP.CD,Europe & Central Asia,ECS,10503.76009,10761.20979,11479.85958,10514.39703,10968.73522,12729.10872,12970.56219,12296.60825,11645.63781,11750.20181,12842.35971,15575.04178,18104.0503,19220.71377,20762.31759,24200.33248,26536.48464,23278.87828,23731.66686
GDP per capita (current US$),NY.GDP.PCAP.CD,Europe & Central Asia (excluding high income),ECA,1700.961399,1622.937932,1549.08489,1589.725406,1239.774365,1737.91189,1830.625682,1941.278992,1790.79766,1529.629167,1771.95606,2249.779066,2883.617481,3576.780422,4142.519455,5206.581567,6191.249019,5125.282385,6044.407421
GDP per capita (current US$),NY.GDP.PCAP.CD,Europe & Central Asia (IDA & IBRD countries),TEC,2374.640615,2312.750334,2135.386464,2107.485458,1896.40732,2264.493609,2329.881132,2408.242738,2044.362496,2080.997451,2340.843046,2879.671495,3723.469345,4660.838022,5633.029718,7247.081889,8951.350767,7074.110607,8293.775116
GDP per capita (current US$),NY.GDP.PCAP.CD,European Union,EUU,15480.55847,15946.10023,17463.53436,15902.31769,16816.16459,19456.32119,19740.4112,18080.0133,16956.04049,17208.90358,18773.50394,22991.23677,26335.85026,27400.00968,29169.38971,33682.86282,37160.01022,33632.1593,33119.57301
GDP per capita (current US$),NY.GDP.PCAP.CD,Heavily indebted poor countries (HIPC),HPC,457.8291497,485.0562302,358.038553,360.0504316,298.852695,337.8395833,359.1397425,365.6125714,377.7386355,355.439131,374.8157401,413.0815733,462.6928491,520.0519789,593.5895086,688.7988543,797.8539798,765.2277594,812.4844978
GDP per capita (current US$),NY.GDP.PCAP.CD,High income,HIC,16636.48923,17431.57245,18533.16216,18549.97521,19720.31759,21739.93193,21791.19912,21308.60652,22428.17261,22129.019,22974.35927,25642.09987,28482.30428,30080.78347,31743.31084,34703.22155,36948.69374,34160.34434,35833.71158
GDP per capita (current US$),NY.GDP.PCAP.CD,IBRD only,IBD,1053.450725,1005.730047,1034.412594,1084.943749,1179.819755,1337.835534,1440.00849,1506.907769,1477.692674,1481.392144,1487.722659,1652.807277,1947.235077,2300.558433,2700.558475,3321.081723,3945.346082,3790.752497,4561.888234
GDP per capita (current US$),NY.GDP.PCAP.CD,IDA & IBRD total,IBT,927.8385508,893.2774672,902.9643606,943.6322382,1018.0231,1156.832879,1248.052835,1301.140937,1251.896448,1248.977966,1256.741557,1392.517434,1633.269819,1919.855402,2247.88945,2742.897339,3246.160836,3109.975187,3717.275722
GDP per capita (current US$),NY.GDP.PCAP.CD,IDA blend,IDB,529.4185164,549.4053371,519.4341743,535.6862228,568.2396639,774.0766008,925.6984188,943.8951099,619.8213061,602.8928718,644.972024,712.2775064,837.1397638,957.9444837,1148.891819,1296.217361,1479.932697,1350.168109,1546.664869
GDP per capita (current US$),NY.GDP.PCAP.CD,IDA only,IDX,384.2744604,408.3674932,330.8395974,336.0089825,322.9391593,326.4662389,335.7732858,342.6730987,373.051252,356.6990607,369.9224343,405.965046,449.9043266,507.2827974,574.0881433,667.1930094,791.3991373,784.6498624,877.9310989
GDP per capita (current US$),NY.GDP.PCAP.CD,IDA total,IDA,432.7580599,455.4408483,395.2857536,404.3380007,407.4731549,482.4660766,542.17939,553.2840838,458.4501378,442.1557827,465.592286,512.5917969,585.1692956,664.9686248,775.7202506,888.098621,1033.532013,983.9671841,1114.119825
GDP per capita (current US$),NY.GDP.PCAP.CD,Late-demographic dividend,LTE,1067.649694,1059.68825,1067.839628,1099.458418,1262.70485,1548.574733,1691.026,1754.32009,1673.000807,1717.762677,1809.490315,2048.655413,2447.193757,2933.481268,3519.25786,4409.305453,5453.262925,5245.342889,6277.14834
GDP per capita (current US$),NY.GDP.PCAP.CD,Latin America & Caribbean,LCN,2498.309349,2648.101584,2841.128268,3303.336616,3793.921689,4035.547353,4294.365118,4634.237327,4472.584111,4326.639921,3839.196148,3862.137496,4385.898306,5229.898986,6047.733929,7035.799563,8077.965319,7495.059656,9183.552483
GDP per capita (current US$),NY.GDP.PCAP.CD,Latin America & Caribbean (excluding high income),LAC,2423.829863,2561.220138,2735.869528,3211.208786,3703.522105,3913.749451,4173.977477,4501.26563,4315.316864,4163.091411,3657.851964,3662.999261,4155.659495,4984.727837,5770.602908,6758.189675,7812.589763,7221.643575,8899.090669
GDP per capita (current US$),NY.GDP.PCAP.CD,Latin America & the Caribbean (IDA & IBRD countries),TLA,2425.771282,2587.872789,2787.661327,3258.757486,3744.608527,3983.208609,4255.858594,4593.585619,4388.926197,4222.974484,3714.374788,3728.727432,4252.838448,5103.970714,5926.882358,6927.882932,7989.380121,7386.600445,9115.373725
GDP per capita (current US$),NY.GDP.PCAP.CD,Least developed countries: UN classification,LDC,370.9541813,392.2919389,302.2721403,304.1983414,290.3524465,290.0531309,298.0771124,302.9535114,333.5410413,314.1184951,338.1011213,373.8578951,420.0340565,487.4775319,552.9979309,648.8733626,778.9544866,751.9650804,831.8438407
GDP per capita (current US$),NY.GDP.PCAP.CD,Low & middle income,LMY,806.1564022,771.0685088,794.1243906,841.8523629,924.7317858,1055.303664,1148.122543,1200.562415,1181.587009,1166.628491,1165.8188,1282.067511,1485.190218,1731.578586,2012.452926,2438.533897,2864.715133,2835.653261,3399.250913
GDP per capita (current US$),NY.GDP.PCAP.CD,Low income,LIC,449.9347595,491.3907389,330.4942693,346.4671641,314.9475398,282.5426857,265.267481,274.7122773,317.4617779,291.6028961,312.0330461,337.3232177,383.8408533,453.224272,513.5809154,607.2562085,712.2539355,682.9193049,736.8371029
GDP per capita (current US$),NY.GDP.PCAP.CD,Lower middle income,LMC,454.9638694,424.4852985,431.6707186,423.0569974,456.9663064,536.7496588,589.9116332,614.2453307,591.6158736,590.2562417,592.9159889,654.7951048,750.4563498,854.6346296,988.7971293,1194.21832,1311.625326,1349.050818,1586.514686
GDP per capita (current US$),NY.GDP.PCAP.CD,"Middle East, North Africa, Afghanistan & Pakistan",MEA,2183.442307,1708.793827,1751.908998,1598.135025,1643.03794,1775.342348,1918.233894,1954.379376,2220.177608,2152.657638,2092.426495,2279.273906,2623.963384,3050.548186,3482.136138,4009.653854,4838.92296,4261.001047,4874.743746
GDP per capita (current US$),NY.GDP.PCAP.CD,"Middle East, North Africa, Afghanistan & Pakistan (excluding high income)",MNA,1555.058275,1024.139924,1022.142746,877.4449788,899.2697933,977.9544736,1058.066079,1077.336231,1247.472336,1226.175136,1168.525316,1263.876062,1463.041409,1657.11019,1883.120724,2237.261907,2658.20563,2515.923569,2821.508666
GDP per capita (current US$),NY.GDP.PCAP.CD,"Middle East, North Africa, Afghanistan & Pakistan (IDA & IBRD)",TMN,1551.331825,1021.780476,1019.887047,875.5990896,897.4797172,975.8461383,1056.465786,1075.367768,1246.019705,1225.477829,1168.604096,1263.915745,1463.304591,1657.842915,1885.148748,2240.988391,2662.281124,2518.053778,2823.254079
GDP per capita (current US$),NY.GDP.PCAP.CD,Middle income,MIC,834.8671091,794.753759,830.7802006,881.5824175,973.5776501,1117.20867,1219.402224,1276.23621,1255.461747,1242.22844,1240.917595,1366.507452,1585.10628,1849.468838,2152.970922,2613.049072,3073.196186,3047.407892,3664.921623
GDP per capita (current US$),NY.GDP.PCAP.CD,North America,NAC,23653.50201,24094.13069,24974.74056,25772.07244,26931.65093,27897.93461,29112.24514,30518.06616,35151.37419,35831.45447,36652.00712,38395.54973,40788.4854,43368.60191,45741.33132,47727.77338,48398.38337,46581.42004,48545.81132
GDP per capita (current US$),NY.GDP.PCAP.CD,Not classified,INX,..,..,..,..,..,..,..,..,..,..,..,..,..,..,..,..,..,..,..
GDP per capita (current US$),NY.GDP.PCAP.CD,OECD members,OED,17087.30942,17918.21406,19096.90698,19229.43448,20388.51837,22337.04373,22357.30154,21847.77433,23105.86996,22718.67952,23526.18512,26110.16679,28854.88344,30304.50078,31752.91909,34523.81513,36379.98264,33797.327,35218.2377
GDP per capita (current US$),NY.GDP.PCAP.CD,Other small states,OSS,3570.55789,3674.36137,3949.408789,3762.448854,3950.980037,4659.341886,4739.076945,4678.519985,4847.450323,4780.954928,5142.247653,6311.811775,7419.76156,8233.420106,9046.801649,10758.81362,11530.7215,9814.080087,10149.56337
GDP per capita (current US$),NY.GDP.PCAP.CD,Pacific island small states,PSS,1343.2772,1404.209771,1519.648249,1573.635256,1818.225091,1947.900732,2060.80458,2035.885661,1686.605682,1637.063491,1695.011479,1997.280541,2270.726572,2490.447836,2586.227762,2817.989694,2989.60481,2666.871952,2899.885731
GDP per capita (current US$),NY.GDP.PCAP.CD,Post-demographic dividend,PST,19207.33801,20121.48083,21440.39169,21469.15442,22868.97758,25219.73061,25204.84406,24572.13705,25965.61981,25583.1763,26549.47165,29606.2954,32722.78578,34268.54129,35873.62184,38925.4515,40986.20325,38399.57664,39869.23542
GDP per capita (current US$),NY.GDP.PCAP.CD,Pre-demographic dividend,PRE,940.4393772,519.2270642,392.8570723,397.880288,401.328292,572.2972123,675.3886777,720.9748418,503.8818656,466.2556768,523.9552618,554.6256596,671.2243568,815.9950322,998.0782393,1174.150158,1424.070369,1253.051475,1422.25839
GDP per capita (current US$),NY.GDP.PCAP.CD,Small states,SST,3333.507574,3423.526437,3614.086312,3469.666078,3675.540708,4180.97412,4316.17395,4473.961605,4846.982117,4839.487177,5133.232488,6060.669966,6954.240664,7779.564252,8649.772055,10056.41133,10984.7647,9299.408693,9799.551809
GDP per capita (current US$),NY.GDP.PCAP.CD,South Asia,SAS,359.9539731,303.8180568,315.5371313,302.9949945,342.7231117,370.5706939,400.095114,415.0027242,440.4679189,446.4189193,462.8988365,532.6615468,606.4780417,686.3381935,769.3787043,967.6979116,958.2755115,1054.435559,1294.027344
GDP per capita (current US$),NY.GDP.PCAP.CD,South Asia (IDA & IBRD),TSA,359.9539731,303.8180568,315.5371313,302.9949945,342.7231117,370.5706939,400.095114,415.0027242,440.4679189,446.4189193,462.8988365,532.6615468,606.4780417,686.3381935,769.3787043,967.6979116,958.2755115,1054.435559,1294.027344
GDP per capita (current US$),NY.GDP.PCAP.CD,Sub-Saharan Africa,SSF,728.926102,759.7152489,665.3044237,654.3260967,651.4948957,807.0686815,877.9339132,899.319355,629.8595532,587.7109019,625.8055686,766.9147122,926.9432662,1074.124763,1234.756099,1391.268036,1537.383331,1427.577875,1643.307535
GDP per capita (current US$),NY.GDP.PCAP.CD,Sub-Saharan Africa (excluding high income),SSA,728.2681143,759.0694201,664.5471256,653.5130532,650.6819039,806.2599941,877.1667632,898.4738378,628.9679971,586.8264615,624.8388063,765.9781264,925.8607828,1072.978843,1233.531233,1390.099873,1536.383596,1426.742919,1642.374718
GDP per capita (current US$),NY.GDP.PCAP.CD,Sub-Saharan Africa (IDA & IBRD countries),TSS,728.926102,759.7152489,665.3044237,654.3260967,651.4948957,807.0686815,877.9339132,899.319355,629.8595532,587.7109019,625.8055686,766.9147122,926.9432662,1074.124763,1234.756099,1391.268036,1537.383331,1427.577875,1643.307535
GDP per capita (current US$),NY.GDP.PCAP.CD,Upper middle income,UMC,1103.815157,1059.014573,1118.018033,1214.554509,1352.199127,1546.567566,1689.355219,1775.026285,1770.111281,1752.860196,1753.629646,1935.253252,2258.660663,2659.854283,3110.01688,3790.618026,4548.120398,4481.743058,5435.751332
GDP per capita (current US$),NY.GDP.PCAP.CD,World,WLD,4338.94333,4453.896416,4679.982005,4685.295643,4967.01236,5463.196242,5507.22344,5408.569535,5512.561772,5404.202698,5539.32465,6129.866383,6818.003753,7290.566145,7803.194672,8685.331087,9425.737816,8827.04323,9555.06544
,,,,,,,,,,,,,,,,,,,,,,
,,,,,,,,,,,,,,,,,,,,,,
,,,,,,,,,,,,,,,,,,,,,,
Data from database: World Development Indicators,,,,,,,,,,,,,,,,,,,,,,
Last Updated: 07/13/2026,,,,,,,,,,,,,,,,,,,,,,