Series Name,Series Code,Country Name,Country Code,1990 [YR1990],1991 [YR1991],1992 [YR1992],1993 [YR1993],1994 [YR1994],1995 [YR1995],1996 [YR1996],1997 [YR1997],1998 [YR1998],1999 [YR1999],2000 [YR2000],2001 [YR2001],2002 [YR2002],2003 [YR2003],2004 [YR2004],2005 [YR2005],2006 [YR2006],2007 [YR2007],2008 [YR2008],2009 [YR2009],2010 [YR2010]
GDP (current US$),NY.GDP.MKTP.CD,Afghanistan,AFG,..,..,..,..,..,..,..,..,..,..,3521418060,2813571754,3825701439,4520946819,5224896719,6203256539,6971758282,9747886187,10109297048,12416152732,15856668556
GDP (current US$),NY.GDP.MKTP.CD,Albania,ALB,2028553750,1099559028,652174990.8,1185315468,1880950864,2905092799,3234486232,2293666030,2600356999,3283941510,3584570165,4059064033,4515003117,5801712040,7406645793,8256658250,9150528132,11116937870,13258506375,12335540656,12086545641
GDP (current US$),NY.GDP.MKTP.CD,Algeria,DZA,62048507531,45715676428,48003133347,49945584453,42543176829,41764291672,46941554225,48177612042,48187781984,48640671735,54790398570,59413400924,61516103406,73482264191,91913680985,107046618670,123084258693,142482739810,180383848331,150317292079,177785053940
GDP (current US$),NY.GDP.MKTP.CD,American Samoa,ASM,..,..,..,..,..,..,..,..,..,..,..,..,512000000,524000000,509000000,500000000,493000000,518000000,560000000,675000000,573000000
GDP (current US$),NY.GDP.MKTP.CD,Andorra,AND,1028989692,1106891362,1209992020,1007090270,1017544069,1178745283,1224024139,1180645572,1211953994,1240295103,1432606189,1548265808,1764279824,2366941809,2900245324,3161084091,3459337987,3957625367,4102319399,3688976341,3449925739
GDP (current US$),NY.GDP.MKTP.CD,Angola,AGO,11229515599,10603784541,8307810974,5768720422,4438321017,5538749260,7526421519,7648380196,6506221616,6152923310,9129594970,8936079118,17311512433,20342128112,26997977896,41396636384,58653659980,73037821926,98790432989,81705175409,95546919754
GDP (current US$),NY.GDP.MKTP.CD,Antigua and Barbuda,ATG,478718518.5,504337037,525133333.3,565662963,625081481.5,616051851.9,679140740.7,734422222.2,789788888.9,835544444.4,901003703.7,877774074.1,898092592.6,948100000,1026329630,1143896296,1303674074,1487381481,1557640741,1386518519,1298348148
GDP (current US$),NY.GDP.MKTP.CD,Argentina,ARG,141352654305,189719984268,228778917308,236741715015,257440000000,258031750000,272149750000,292859000000,298948250000,283523000000,284203750000,268696750000,97724004252,127586973492,164657930453,198737095012,232557260817,287530508431,361558037110,332976484578,423627422092
GDP (current US$),NY.GDP.MKTP.CD,Armenia,ARM,2256863449,2069870130,1272835453,1201312829,1315158637,1468317435,1596968946,1639492445,1893726437,1845482173,1911563669,2118467913,2376335048,2807061009,3576615240,4900469511,6384452067,9206301270,11662040714,8647937081,9260285756
GDP (current US$),NY.GDP.MKTP.CD,Aruba,ABW,764804469.3,872067039.1,958659217.9,1083240223,1245810056,1320670391,1379888268,1531843575,1665363128,1722905028,1873452514,1896456983,1961843575,2044111732,2254830726,2360017318,2469782682,2677641341,2843024581,2553793296,2453597207
GDP (current US$),NY.GDP.MKTP.CD,Australia,AUS,311840666465,326416407861,325982966981,312568858910,323269456935,368725126225,401962517479,436321902767,400361527505,390347787943,416901962163,380360222861,396436967263,468517181130,615643050221,696811489613,749708370333,856603595823,1058448244064,931761689771,1152566632022
GDP (current US$),NY.GDP.MKTP.CD,Austria,AUT,165811372383,173113449617,194314032056,189634029339,202738023130,240094169510,235952581232,211724812267,217068085816,216421809126,196181599831,196477206829,212837224023,260779834340,299210411455,313952317331,333905979332,386760177589,429234399096,399290118782,389827789218
GDP (current US$),NY.GDP.MKTP.CD,Azerbaijan,AZE,8884848485,5344000000,444658671.6,1570392598,1193141110,2417331193,3176507376,3962362387,4446368571,4581248567,5272615723,5707616204,6236087738,7276413079,8680405741,13245421881,20981929498,33049419431,48851293785,44292427185,52909294792
GDP (current US$),NY.GDP.MKTP.CD,"Bahamas, The",BHS,3166000000,3111160000,3109000000,3092000000,3259000000,3429000000,3609000000,6332360000,6833220000,7683870000,8076470000,8317830000,8881160000,8870090000,9055290000,9836200000,10167250000,10618340000,10526000000,9981960000,10095760000
GDP (current US$),NY.GDP.MKTP.CD,Bahrain,BHR,4809511005,5248911170,5402232447,5913001064,6330627926,6651180851,6938166755,7219407713,7031309043,7528469149,9062898936,8976196809,9593510638,11074813830,13150159574,15968723404,18504760638,21730000000,25710904255,22938218085,26805984043
GDP (current US$),NY.GDP.MKTP.CD,Bangladesh,BGD,31598340778,30957483950,31708874594,33166519418,33768660883,37939748769,46438484108,48244309133,49984559471,51270569884,53369787319,53991289844,54724081491,60158929188,65108544250,69476001239,71795736172,79611644975,91636997371,102475158191,115275540051
GDP (current US$),NY.GDP.MKTP.CD,Barbados,BRB,2012131457,2020583702,1957000000,2063342117,2151344901,2216974096,2363645403,2498384130,2817083478,2951822205,3059500000,3054500000,3106500000,3209500000,3444500000,3819500000,4217323400,4675767950,4790410400,4466809600,5428683250
GDP (current US$),NY.GDP.MKTP.CD,Belarus,BLR,17389558233,18404907975,16939790094,16275073527,14931435232,13972683274,14500437520,14128408566,15222012660,12138486532,12736856828,12354820144,14594900945,17825444724,23141566293,30210091837,36961894281,45275711996,60752106347,50873167326,57231904543
GDP (current US$),NY.GDP.MKTP.CD,Belgium,BEL,205331747948,210510999409,234781652447,224721795709,244884129491,288025588396,279201433225,252708051421,258528339631,258245733221,236792460312,236746141604,258383599375,318082528507,369214712443,385714762230,408259840869,470922156309,517328087920,485014525992,481556503720
GDP (current US$),NY.GDP.MKTP.CD,Belize,BLZ,546750912.3,596682100,695741150,752255150,771838000,818590250,850339100,872916050,929047000,999713050,1138138100,1172045150,1243912050,1308280250,1400202000,1474298400,1590463100,1706190450,1738453600,1688012750,1748988400
GDP (current US$),NY.GDP.MKTP.CD,Benin,BEN,1959965330,1986437797,1695315306,2274558083,1598075944,2169627138,2361116449,2268301646,2455092686,3677393999,3519991440,3666222635,4194342686,5349258094,6190270380,6567654954,7034111315,8169048383,9787734526,9738626517,9535345016
GDP (current US$),NY.GDP.MKTP.CD,Bermuda,BMU,1592400000,1634900000,1679900000,1820359900,1867160100,2030750000,2695390000,2932827000,3130748000,3324433000,3480219000,3680483000,3937228000,4186525000,4484703000,4868136000,6144000000,6767000000,6980000000,6656000000,6634526000
GDP (current US$),NY.GDP.MKTP.CD,Bhutan,BTN,287765007.1,240294286,240233531.2,225973692.8,258954708,290490983.8,303408345.6,352229076.7,363458380.9,399311199.5,460733418.4,496110225.7,559345263.7,651935430.3,735348490.4,860391000.2,942879878.5,1255767964,1317517835,1331343798,1708880730
GDP (current US$),NY.GDP.MKTP.CD,Bolivia,BOL,4867582598,5343262457,5643868749,5734699489,5981222859,6715161732,7396949126,7925736821,8497494652,8285064435,8397855485,8141516928,7905485146,8082399640,8773451752,9549122905,11451844902,13120108008,16674276286,17339992194,19649723722
GDP (current US$),NY.GDP.MKTP.CD,Bosnia and Herzegovina,BIH,7753478261,6122959184,4735044707,3630668950,1255802469,1866572954,2786045322,3671909673,4116774301,4686256363,5567772769,5800615375,6728220983,8498894359,10156541221,11222796337,12864841906,15778734264,19112796623,17613949091,17176315804
GDP (current US$),NY.GDP.MKTP.CD,Botswana,BWA,3790636324,3942876703,4146464587,4160129175,4259259604,4730599122,4847757218,5020265627,4790481509,5484263347,5788329609,5489608300,5438863983,7511582173,8957467707,9918907108,9919158482,10567270656,10730829116,10118459242,12637273429
GDP (current US$),NY.GDP.MKTP.CD,Brazil,BRA,384959818182,342534090909,328191909882,368292034381,525369467296,769333050987,850426432992,883206179730,863710759256,599642024320,655448231984,559983634799,509795273807,558233745652,669289424806,891633839894,1107626541435,1397114486369,1695855083498,1666996438581,2208837745101
GDP (current US$),NY.GDP.MKTP.CD,British Virgin Islands,VGB,..,..,..,..,..,..,..,..,..,..,..,..,..,..,..,..,..,..,..,..,..
GDP (current US$),NY.GDP.MKTP.CD,Brunei Darussalam,BRN,6039881087,6284497294,6327966435,6203339912,6467782518,7700144069,7663377306,7793034376,5550846020,6309070378,6570999088,6096155767,6333082876,7167725262,8619178774,10547202621,12644616419,13432029484,15926456515,11912904510,13707121038
GDP (current US$),NY.GDP.MKTP.CD,Bulgaria,BGR,20726605649,7628764750,8602874120,10832041595,9709230161,18992388645,12295588924,11316706412,15031821788,13637793854,13246669554,14184170319,16403880783,21146038619,26159078743,29870182425,34382295487,44433521725,54483464293,52026461290,50691645231
GDP (current US$),NY.GDP.MKTP.CD,Burkina Faso,BFA,3101300779,3135045584,3356692505,3199536465,1895290637,2379517975,2586550595,2447669102,2804902367,3389566713,2968370088,3190371081,3622350063,4740768143,5451688538,6146353173,6547419820,7625722837,9451435490,9450696873,10109619741
GDP (current US$),NY.GDP.MKTP.CD,Burundi,BDI,1132101253,1167398478,1083037671,938632612,925030590.2,1000428394,869033856.3,972896267.9,893770740.2,808077223.4,870486065.9,876794723.1,825394519.4,784654423.6,915257323.4,1117113080,1273375078,1356199387,1611835857,1775495032,2032135192
GDP (current US$),NY.GDP.MKTP.CD,Cabo Verde,CPV,306890962.6,319827058.6,357160985.3,490417389.7,406580652.3,487148993.5,501979269.8,490608657.9,521910560.5,592416703.1,539227277.6,563090490.4,620507387.5,813260468.9,924940011.8,972241676.9,1107571458,1649621739,1959620648,1852334575,1824751468
GDP (current US$),NY.GDP.MKTP.CD,Cambodia,KHM,1402541177,2054974089,2491486594,2533727592,2791435272,3441205693,3506695720,3443413389,3120425503,3517242477,3694168979,4145665970,4501227627,5046693484,5883297160,7066296463,8350531017,10127916460,12174303999,12502901170,13808673288
GDP (current US$),NY.GDP.MKTP.CD,Cameroon,CMR,12314482628,11840192296,12071775335,16181814713,8902446252,10864772471,11093538846,10789458433,11298144990,11565826465,10566579295,10953485349,12417251350,15970315035,18826214136,19509852207,20910512975,23928250433,27715142033,27932970317,27507501821
GDP (current US$),NY.GDP.MKTP.CD,Canada,CAN,596075591361,612527712316,594387358319,579053561739,579944346807,605961090061,630607994133,654987722086,633999325918,678414215521,744773415932,738981792355,760650608552,895542074085,1026691006918,1173118501403,1319291255289,1468820407783,1552993439550,1374627766600,1617349192091
GDP (current US$),NY.GDP.MKTP.CD,Cayman Islands,CYM,..,..,..,..,..,..,..,..,..,..,..,..,..,..,..,..,4200288241,4466278065,4585949024,4281714567,4156841107
GDP (current US$),NY.GDP.MKTP.CD,Central African Republic,CAF,1440711459,1377374987,1411917553,1278781262,851174356.8,1115389674,1007791127,937741513,967338389.7,999477510.7,916777282.7,932648604.8,996068144.9,1142315523,1272360517,1337894379,1461859762,1699811295,1993407888,2067381665,2142591540
GDP (current US$),NY.GDP.MKTP.CD,Chad,TCD,1738605558,1877137982,1881847670,1463251164,1179837963,1445919895,1607345356,1544689577,1744794531,1534673583,1388506772,1710843377,1997005709,2742815072,4422855661,8655892393,9709626596,10865385132,13385593990,12317614054,14058506664
GDP (current US$),NY.GDP.MKTP.CD,Channel Islands,CHI,..,..,..,..,..,..,..,..,5945677377,6262740657,6439703435,6232906290,6663669065,7332244898,8553643354,8827272727,9676172953,11514605842,..,9100755725,8902359316
GDP (current US$),NY.GDP.MKTP.CD,Chile,CHL,33428580448,38232330917,46538895686,49934943321,57438273591,73820425702,78584098984,85741415285,81990010704,75578685736,78339750721,71574739561,70264045939,76492579644,99075985774,122294145163,153843518171,172491076034,179894594475,171777900624,217051209239
GDP (current US$),NY.GDP.MKTP.CD,China,CHN,361560229446,384510452962,428502354788,446557291212,566929539493,738190896228,868523936530,967753570435,1037134141760,1103843203576,1223754919971,1355036590252,1489821682051,1683903309844,1984196551300,2317551298052,2791498472804,3604055822572,4667346414522,5189577094998,6192564874453
GDP (current US$),NY.GDP.MKTP.CD,Colombia,COL,47844090710,49175565911,58418985443,66446804803,81703500846,92507279383,97160109278,106659508271,98443739941,86186158685,99875074951,98200641203,97945812803,94644969157,117092416666,145600529606,161792958905,206229540926,242504150473,232468663110,286498534095
GDP (current US$),NY.GDP.MKTP.CD,Comoros,COM,401561021.5,400592662.6,436552922.1,427750822.9,314789556,392774713.6,392488148.7,362816806.1,363932160.2,371921712.5,339504306.3,372746486.2,427360070.3,546830040.5,622679660.4,655375095.9,688498641.5,795673152.9,915659108,905341172.7,907979446.4
GDP (current US$),NY.GDP.MKTP.CD,"Congo, Dem. Rep.",COD,9349764580,9625436873,8227343907,10706259937,5820382248,5643439376,5771456952,6090838693,6217805821,4711259427,19088046306,7438189100,8728038525,8937567060,10297483481,12609728573,15484044535,18374807773,22723488723,18607259481,24161641931
GDP (current US$),NY.GDP.MKTP.CD,"Congo, Rep.",COG,2798746050,2724853506,2933222703,2684323623,1769365438,2116003868,2540697539,2322719103,1949481379,2354772960,3227927698,2796704604,3034250924,3503723088,4656974940,6650001680,8072305029,8782703437,11649857673,9723299915,13148396212
GDP (current US$),NY.GDP.MKTP.CD,Costa Rica,CRI,5711687787,7215725635,8579754953,9564816063,10489903834,11578594333,11678424727,12614602322,13684255998,14254866284,15013629579,15976174476,16578820799,17271760397,18610594844,20040642421,22715540342,26884700688,30801745703,30745714234,37658616966
GDP (current US$),NY.GDP.MKTP.CD,Cote d'Ivoire,CIV,10795850583,10492628581,11152971274,11045760288,8313557510,11000146267,18071152831,18047558038,19619654756,18870992456,16577533892,16810537044,18054383321,21251754340,23510575681,24036918703,25281413263,28760090953,34078240293,33886813250,34936307980
GDP (current US$),NY.GDP.MKTP.CD,Croatia,HRV,25650213280,18760386775,10621169291,11259647874,15062911617,22772224146,24151469717,24175272572,25889813449,23776940769,22134069750,23067071478,26757633353,35244797329,41836096243,45012776906,49583643048,59290547254,68473103477,62315450611,58975127201
GDP (current US$),NY.GDP.MKTP.CD,Cuba,CUB,28645436569,24316556026,22085858243,22367254865,28448326757,30429803651,25017368700,25365908100,25736331200,28364615200,30565400000,31682400000,33590500000,35901200000,38203000000,42643836100,48835925926,54262870370,56302129630,57481481481,59562962963
GDP (current US$),NY.GDP.MKTP.CD,Curacao,CUW,..,..,..,..,..,..,..,..,..,..,2120511229,2143450726,2160784693,2202117374,2237160503,2344637263,2457581732,2593831508,2833476145,2869153184,2951342793
GDP (current US$),NY.GDP.MKTP.CD,Cyprus,CYP,5591130218,5770197348,6912150456,6590291048,7425703929,9933137128,10011914680,9547816420,10248618778,10497907228,9985847314,10397898907,11420228846,14547329558,17320551250,18433412511,20072754987,23968727074,27958384913,26048190775,25799940416
GDP (current US$),NY.GDP.MKTP.CD,Czechia,CZE,41016881802,30071014282,35051065440,41155654032,48188478339,60572381311,67804105330,62539765163,67187217328,65586562605,62175642238,68135304464,82607869610,100435924705,120147899984,137264185596,156236258387,190040702287,236506264754,206971882705,211168667286
GDP (current US$),NY.GDP.MKTP.CD,Denmark,DNK,138217740684,139180507778,152966494260,143111306004,156017919221,184848481008,187481157846,173241365735,176877077513,177887720536,164043817224,164881594415,178788209558,218421193436,251986155631,265150087712,283386151544,320213157595,354979471960,322619152195,322345594075
GDP (current US$),NY.GDP.MKTP.CD,Djibouti,DJI,452328087.3,462421998.5,478058304.9,466048469.2,491689220.7,497723960.6,494004647.7,502675542,514267869.3,536080148.1,551230861.9,572417440.8,591122039.6,622044665.5,666072101.8,708633194.7,768873684,847918929.1,999105339.3,1049110685,1128611700
GDP (current US$),NY.GDP.MKTP.CD,Dominica,DMA,201429629.6,219762963,234059259.3,245525925.9,264374074.1,274522222.2,292285185.2,302988888.9,322411111.1,331759259.3,333470370.4,377462963,375200000,373318518.5,396711111.1,391455555.6,416674074.1,444685185.2,480003703.7,515618518.5,519859259.3
GDP (current US$),NY.GDP.MKTP.CD,Dominican Republic,DOM,7073675545,9824483340,11605382504,13081042400,14644734599,16637370839,18241622548,20017450041,21672215547,22136579397,24305780629,25601823688,27137440786,21403167848,22322387382,35777560684,37879830084,43965458509,48091433554,48223781477,53801053353
GDP (current US$),NY.GDP.MKTP.CD,Ecuador,ECU,15239272612,16988535268,18094238119,18938717359,22708673337,24432884442,25226393197,28162053027,27981896948,19645272636,17539454727,23127055000,27054197000,30965208000,35194947000,40278849000,45690762000,49848725000,61139438000,60094978000,68151329000
GDP (current US$),NY.GDP.MKTP.CD,"Egypt, Arab Rep.",EGY,42978914311,37387836491,41855986519,46578631453,51897983393,60159245060,67629716981,78436578171,84828807556,90710704807,99838543960,96684636119,85146067416,80288461538,78782467532,89660339660,107426086957,130437828371,162818181818,189147005445,218983666062
GDP (current US$),NY.GDP.MKTP.CD,El Salvador,SLV,4817542204,5252342400,5813399300,6680269200,7679384000,8921947100,9586327800,10221705900,10936669900,11284197000,11784927700,12282533600,12664190300,13243892200,13724810900,14698000000,15999890000,17011750000,17986890000,17601620000,18447920000
GDP (current US$),NY.GDP.MKTP.CD,Equatorial Guinea,GNQ,112119411.5,110906028.5,134707183.8,136047906.2,100807002.5,141853360.9,232463022.8,442337870.7,370687634.4,621117885.7,1045998496,1461139022,1806742742,2484745935,4410764339,8217369093,10086528699,13071718759,19749893536,15027795173,16314443436
GDP (current US$),NY.GDP.MKTP.CD,Eritrea,ERI,..,..,477101651.6,467872714.8,531688311.7,578015625,693535954.2,686490090.1,745523116.9,688918537.1,706370815.6,752371688.7,729321680.2,870248267.6,1109054005,1098424686,1211161880,1317974491,1380188800,1856695551,1589515447
GDP (current US$),NY.GDP.MKTP.CD,Estonia,EST,..,..,..,4013091682,4123011420,4502970889,4786018988,5154420649,5674080543,5756912266,5686579748,6250218423,7370119619,9876595528,12148595031,14109491357,17025671810,22450264166,24342935404,19633984440,19524355419
GDP (current US$),NY.GDP.MKTP.CD,Eswatini,SWZ,1114694041,1156135718,1284759928,1357189552,1419294254,1698989464,1602741834,1716714070,1576908856,1547888496,1697161558,1502870486,1393945031,2149632433,2710331785,3097946371,3215307901,3391122887,3235921171,3525213502,4360714359
GDP (current US$),NY.GDP.MKTP.CD,Ethiopia,ETH,12478943895,13799799324,10754799037,9051043870,7100806754,7855205207,8761215548,8803539988,8013274132,7892973532,8242349618,8231326016,7850809498,8623691300,10131187261,12401139454,15280861835,19707616773,27066912635,32437389116,29933790334
GDP (current US$),NY.GDP.MKTP.CD,Faroe Islands,FRO,960805408.9,909253214.8,912670413.3,760957189.8,758739178.6,901404709.8,989536914.7,933763083.4,1104744235,1127684827,1067109531,1160268212,1275093689,1501941581,1724770771,1759739599,2017680835,2339015313,2489873250,2296065170,2331796784
GDP (current US$),NY.GDP.MKTP.CD,Fiji,FJI,1337017559,1383883250,1532411039,1636101247,1825732093,1970301486,2128696644,2090221137,1653146717,1936459986,1678219508,1652462023,1833279985,2300492465,2708078477,2980403845,3076305453,3378314600,3523185920,2870624636,3140166713
GDP (current US$),NY.GDP.MKTP.CD,Finland,FIN,141446120355,127794441994,112537828511,89112105756,103182697780,134060457516,131991975149,126862902302,133990876725,135234241918,125967821111,129519672869,140360963812,171612867736,197458297640,204859368791,217044068234,256360251538,285698662071,253480783439,249429613683
GDP (current US$),NY.GDP.MKTP.CD,France,FRA,1257649439827,1258961748634,1389663073110,1314383368080,1385822778828,1595219345512,1598889216566,1449392222971,1496906382032,1486915879702,1360959069477,1370376677299,1492427756382,1835095983049,2109792297237,2192146403028,2317861544691,2655816911867,2926802941586,2700075882519,2646230027988
GDP (current US$),NY.GDP.MKTP.CD,French Polynesia,PYF,3320159522,3410078968,3713785765,3544608548,3676123788,4186994249,4166072830,3762859093,3903186593,3911602004,3599845480,3573808556,3965405553,4927780607,5564109982,5705052135,5877997980,6631156406,7136741422,6584557974,6086644799
GDP (current US$),NY.GDP.MKTP.CD,Gabon,GAB,5952293765,5402919785,5592390827,4378645081,4190819344,4958845648,5694040003,5326817115,4483417310,4662992036,5080483629,5023265413,5335451100,6511903365,7770219008,9582783991,10327598306,12455409587,15571348344,12113699068,14372593020
GDP (current US$),NY.GDP.MKTP.CD,"Gambia, The",GMB,317083695.5,690311080.5,714254256.1,755040974.1,746493951.9,785999864.8,848239446.2,803633342.5,840285264.6,814724032.1,782913871.8,687410645.1,578235309.3,487038685,961900651.4,1027701068,1054112488,1279703047,1561766956,1450142509,1543294927
GDP (current US$),NY.GDP.MKTP.CD,Georgia,GEO,7735927264,6324503311,3690328964,2701181331,2513867645,2693732612,3094936177,3510520231,3613497317,2800025883,3057475335,3219462262,3395766678,3991377904,5125365192,6410912050,7745250734,10172931089,12795145131,10766920066,12426907967
GDP (current US$),NY.GDP.MKTP.CD,Germany,DEU,1778162195860,1875792575133,2141377582968,2078954217438,2215282632277,2593053091306,2506576553158,2218790886533,2247760364566,2213873468587,1966980701145,1966381496642,2102350798306,2534715518349,2852317768062,2893393187362,3046308753671,3484056680855,3808197720125,3478545516684,3467093769667
GDP (current US$),NY.GDP.MKTP.CD,Ghana,GHA,5889106573,6603185268,6416103926,5968922939,5446383727,6464382808,6932991739,6891443192,7482069162,7718109982,4982850662,5314872854,6166197848,7632723556,8881417907,10744568381,20885037597,24827339138,28679383241,26048720006,32197655567
GDP (current US$),NY.GDP.MKTP.CD,Gibraltar,GIB,..,..,..,..,..,..,..,..,..,..,..,..,..,..,..,..,..,..,..,..,..
GDP (current US$),NY.GDP.MKTP.CD,Greece,GRC,96529587274,103680863713,114608178405,107295704518,114980063202,134974613914,142502984145,138766067640,139612812176,137131371955,125760166225,132050474720,150253800086,196930509813,234979615898,242315668619,269073415334,314226996944,351121399546,326829054686,296417644404
GDP (current US$),NY.GDP.MKTP.CD,Greenland,GRL,1018977280,1016500069,1037916163,927214151.8,1005887539,1208953287,1197515569,1072154434,1149858070,1131555107,1068025016,1086170704,1169136716,1558759823,1822499769,1849802648,2013106930,2249811296,2499092314,2529963903,2503167187
GDP (current US$),NY.GDP.MKTP.CD,Grenada,GRD,278098763,300757888.9,310160444.4,309812185.2,325111814.8,342172518.5,366911444.4,392190592.6,445903592.6,482009370.4,520044370.4,520444185.2,540336925.9,591018407.4,599118592.6,695555555.6,698700666.7,758683592.6,825976037,771275555.6,771014814.8
GDP (current US$),NY.GDP.MKTP.CD,Guam,GUM,..,..,..,..,..,..,..,..,..,..,..,..,3394000000,3569000000,3869000000,4213000000,4238000000,4397000000,4658000000,4828000000,4949000000
GDP (current US$),NY.GDP.MKTP.CD,Guatemala,GTM,7650196845,9406135143,10440781588,11400017301,12983233311,14655404433,15674835615,17790026222,19395491993,18318412251,19288929030,18405220247,20444205991,21576351799,23577298095,26783389294,29744246827,33567850824,38503720224,37126148265,40676578423
GDP (current US$),NY.GDP.MKTP.CD,Guinea,GIN,3888320666,4396178694,4789220417,4781166117,4932800407,5385704166,5641243100,5516916163,5232118046,5046806783,4367458867,4125527603,4301608753,5025167975,5300767961,4282468637,4220019845,6281918226,6964179983,6716905340,6853467146
GDP (current US$),NY.GDP.MKTP.CD,Guinea-Bissau,GNB,634187269.2,668470890.8,588309271.3,615779518.8,612502084.8,660195402,702965147.6,698107222.4,591034143.4,579365780.1,391345597.5,412610871.5,466773711.2,553614800.1,582169841.3,639776040.7,634781901.3,753162998,952667544,890167833.4,940112538.9
GDP (current US$),NY.GDP.MKTP.CD,Guyana,GUY,396582263.3,348533094.8,373573141.5,454101382.5,545278380.3,621626785.9,705406001.4,749138009.6,717530683.2,694754988.3,712667896.7,712167450.2,726131434.7,743063950.3,787814379.2,824880550.3,2379817991,2730971595,3025187433,3165663153,3432912517
GDP (current US$),NY.GDP.MKTP.CD,Haiti,HTI,3096289800,3473562628,2257129792,1878253767,2167569046,2813313279,2907517604,3338949152,3723903724,4153725884,6813566099,6331970324,6205847214,5071947798,6087360684,7030149730,7638739123,9228637768,10432962635,11597002835,11859312725
GDP (current US$),NY.GDP.MKTP.CD,Honduras,HND,3734460117,3699381195,4122846905,4190773622,4105686899,4672346194,4798834459,5569178707,6163707533,6394090592,7186638029,7651162302,7858255413,8230391347,8869299234,9757012697,10917477066,12361257681,13881731876,14587496229,15839344592
GDP (current US$),NY.GDP.MKTP.CD,"Hong Kong SAR, China",HKG,76928784621,88959997900,104272507639,120354212475,135811771026,144652295364,159718183551,177353174850,168885443660,165768095392,171668891194,169404327617,166348866131,161385558802,169099768875,181569311742,193535442896,211596944504,219278749140,214047795659,228638668727
GDP (current US$),NY.GDP.MKTP.CD,Hungary,HUN,34478360679,34867307353,38857339125,40256233360,43307949890,46577614589,46833767124,47398564799,48784412624,49160204397,47275954429,53800068066,67636468625,85190469121,104015363080,113098237571,115604111412,140123326896,158228265916,130807441076,131898737241
GDP (current US$),NY.GDP.MKTP.CD,Iceland,ISL,6694851159,7151260062,7328497599,6435952174,6612804056,7372640169,7686566105,7716781803,8637732542,9107644691,9140168922,8323401820,9416199700,11564687742,13963943244,17146410561,17671649843,21960110030,18247921360,13212543838,13922711577
GDP (current US$),NY.GDP.MKTP.CD,India,IND,320979026420,270105341879,288208070278,279295648983,327274843459,360281909643,392896866205,415867563593,421351317225,458821052616,468395521654,485440139204,514939140319,607700687237,709152728831,820383763511,940259888788,1216736438835,1198895139006,1341888016995,1675615519485
GDP (current US$),NY.GDP.MKTP.CD,Indonesia,IDN,106140727334,116621996217,128026966580,158006700302,176892143932,202132028723,227369679375,215748998610,95445547873,140001351215,165021012078,160446947785,195660611165,234772463824,256836875295,285868619196,364570515618,432216737775,510228634992,539580085612,755094157622
GDP (current US$),NY.GDP.MKTP.CD,"Iran, Islamic Rep.",IRN,124813263926,131637664958,119768691217,63743623232,71841461173,96419225744,120403931885,113919163421,110276913363,113848450088,109591707802,126878750296,128626917504,151911222119,187754571248,224970371325,265602187404,349736591832,406070949554,414059094949,487069570464
GDP (current US$),NY.GDP.MKTP.CD,Iraq,IRQ,180408064516,407796349.7,553671957.7,1031944881,3991349283,12894029888,10433698621,20764857056,20617405044,36881601584,48364250944,36176430129,32928454672,21921569479,36633669269,50065104668,65147051918,88837057320,131614434154,111657580326,138516722650
GDP (current US$),NY.GDP.MKTP.CD,Ireland,IRL,49305632408,49787501584,55918538121,52417477614,57097656066,69139823232,75790786290,82856648758,90199410116,98893958263,100207610430,109346669230,128596035288,164670771260,194372115041,211876989656,232180617162,270079279420,275447471451,236443115854,221732824603
GDP (current US$),NY.GDP.MKTP.CD,Isle of Man,IMN,761514559.7,821507936.5,854849069.8,765647870.4,833255280.1,922269212.6,1007205928,1178261297,1385124213,1573742113,1601050083,1668684324,1891002698,2252620408,2802206152,3032411027,3422733202,4466350656,5928791505,5486921247,5920369790
GDP (current US$),NY.GDP.MKTP.CD,Israel,ISR,61978459022,70954941681,79408652426,79806598120,90684108118,105432315611,115051957577,119389303067,120468659246,121329240042,136409902632,134889159474,125215963105,131278887815,139925423025,147346035831,158706516002,184448882452,220952472408,213112649594,239372857534
GDP (current US$),NY.GDP.MKTP.CD,Italy,ITA,1183945130899,1249092439519,1323204350354,1067412587671,1101750159702,1177369428266,1314776508972,1244988176444,1272729786997,1255004736464,1149661363439,1172041488806,1281746271196,1582930016539,1812808753295,1864982261287,1958563654386,2222524108128,2417508414187,2209484319013,2144936254535
GDP (current US$),NY.GDP.MKTP.CD,Jamaica,JAM,4592208087,4106207649,3535460090,5440075676,5452558947,6577520643,7393891921,8400041724,8787195622,8887057997,9005064475,9194727831,9719009495,9430234811,10174664854,11243865778,11930179090,12799600047,13709401520,12120458115,13220549908
GDP (current US$),NY.GDP.MKTP.CD,Japan,JPN,3252994239867,3724887648862,4064529567505,4632480515091,5104063486348,5639649753986,5021441618840,4579780793432,4150359076370,4688983449627,5042381838343,4438792748062,4245946980572,4573413206709,4941485123807,4875648486366,4648058930707,4624670179655,5160197175876,5336765697589,5811578109447
GDP (current US$),NY.GDP.MKTP.CD,Jordan,JOR,4160087508,4344467193,5310833194,5606400222,6236295978,6727597032,6927503526,7245839210,7912270804,8149929478,8460789845,8975814653,9582510578,10195627645,11411706629,12588998590,15056981664,17110437236,25651620831,27462496197,30202773521
GDP (current US$),NY.GDP.MKTP.CD,Kazakhstan,KAZ,26932016270,24923076923,24917355372,23409260880,21250792886,20374302652,21035357937,22165932063,22135245507,16870817182,18291990662,22152689180,24636598527,30833692900,43151647003,57123671734,81003864630,104849915058,133441648852,115308686941,148047348241
GDP (current US$),NY.GDP.MKTP.CD,Kenya,KEN,8572359038,8151488783,8209120763,5751786643,7148148564,9046320255,12045865396,13115764358,14093998844,12896010459,12705350098,12986007426,13147736899,14904517650,16095337094,18737895513,25825512284,31958195182,35895153328,42347217913,45405615064
GDP (current US$),NY.GDP.MKTP.CD,Kiribati,KIR,36534294.8,41247791.64,61491369.28,58953595.91,67055333.9,68596394.6,81456854.14,80205806.83,74905705.89,77323978.19,74910527.26,64935850.16,74743869.13,96105619.38,104085892.1,113895437.3,112338353.3,138054945.6,147017895,140177384.1,165458433.1
GDP (current US$),NY.GDP.MKTP.CD,"Korea, Dem. People's Rep.",PRK,..,..,..,..,..,..,..,..,..,..,..,..,..,..,..,..,..,..,..,..,..
GDP (current US$),NY.GDP.MKTP.CD,"Korea, Rep.",KOR,292064221389,340851946804,366921291825,405705302846,479181794217,586286469401,631196863758,589202526424,397297216492,515697079289,597487173479,567564806235,650014391470,728516494684,823251107639,971740329984,1095175538508,1220911904593,1091580692542,983065242417,1192830015738
GDP (current US$),NY.GDP.MKTP.CD,Kosovo,XKX,..,..,..,..,..,..,..,..,..,..,..,..,..,..,..,..,..,..,5202943075,5035779642,5343950626
GDP (current US$),NY.GDP.MKTP.CD,Kuwait,KWT,18427777778,11009993703,19858555215,23941391391,24848483838,27186980647,31492373309,30350190704,25943705784,30122365849,37718743480,34889559870,38135788414,47874582232,59439090601,80798630137,101557330723,114634043362,147379737230,105968691905,115416245242
GDP (current US$),NY.GDP.MKTP.CD,Kyrgyz Republic,KGZ,2660202623,2542256424,2315346943,2026019253,1681780847,1661147035,1827570586,1767864036,1645963750,1249061487,1369688498,1525116370,1605643105,1919008090,2211534585,2460246766,2834168889,3802570553,5139958909,4690061381,4794361863
GDP (current US$),NY.GDP.MKTP.CD,Lao PDR,LAO,865559879.4,1028087972,1127806945,1327748690,1543606345,1763536305,1873671550,1747011857,1280177839,1454430642,1731198022,1768619058,1758176653,2023324407,2366398120,2735558735,3455030061,4223152739,5446433157,5836137330,7131771015
GDP (current US$),NY.GDP.MKTP.CD,Latvia,LVA,..,..,..,..,..,5608208785,5799465288,6349481007,6974112951,7324192890,7761252607,8190888740,9249030241,11244337720,13827070379,16306935905,20434922247,29420499248,34135200994,25691530442,23468324572
GDP (current US$),NY.GDP.MKTP.CD,Lebanon,LBN,2838485354,4690415093,5843579161,7941744492,9599127050,11718795529,13690217334,15751867489,17247179006,17391056369,17260364842,17649751244,19152238806,20082918740,21159827992,21497336499,22022709851,24827355015,29118916105,35399582929,38443907042
GDP (current US$),NY.GDP.MKTP.CD,Lesotho,LSO,596410263.7,704325366.7,831029861.7,835582062.5,878250945.3,1001894000,946112492.8,998004258.7,928460893.1,912773681.1,887291687.9,825706961.2,775777238.6,1157825435,1511236656,1682343527,1800092564,1682131785,1766902709,1740894965,2234754242
GDP (current US$),NY.GDP.MKTP.CD,Liberia,LBR,384400000,348000000,223500000,160400000,132200000,134800000,159400000,295900000,359600000,441800000,874000000,906000000,927000000,748000000,897000000,949000000,1119000000,1373000000,1726000000,1768000000,1998000000
GDP (current US$),NY.GDP.MKTP.CD,Libya,LBY,28904183602,31991821265,33887047909,30660051911,28610549763,25541379187,27884615385,30700897875,27251301398,35975860857,38270954138,34112093927,20481889764,26265625000,33122307692,47334691241,60094231607,68032978391,86710767415,60808562033,75380825062
GDP (current US$),NY.GDP.MKTP.CD,Liechtenstein,LIE,1421509216,1484160302,1631177029,1673085245,1948129623,2428525061,2504012993,2298389803,2479699106,2664105901,2483889858,2491800559,2688618747,3070803051,3454373798,3659319117,4000102086,4601429897,5081479840,4504375348,5082337238
GDP (current US$),NY.GDP.MKTP.CD,Lithuania,LTU,..,..,..,..,..,7921210340,8430207164,10168271903,11289161847,11022095814,11550695727,12260761329,14282292665,18809197970,22743164431,26105207115,30116192747,39729151615,47831254208,37494380039,36638128534
GDP (current US$),NY.GDP.MKTP.CD,Luxembourg,LUX,12778792854,13834219728,15518702635,15925521222,17701798891,20853093870,20895314658,19563836265,20150055568,21899317599,21230200538,21387550720,23649832387,29667268248,35064843793,37672311223,42910153830,51587401416,58844277702,54467289898,56213985987
GDP (current US$),NY.GDP.MKTP.CD,"Macao SAR, China",MAC,3246481233,3765249711,4914365189,5665606115,6311207780,7046147737,7176892950,7267570893,6796914862,6547169929,6773944355,6860272608,7371692774,8246479566,10643253553,12160056122,14874098692,18439981612,21027018333,21589540351,28244172834
GDP (current US$),NY.GDP.MKTP.CD,Madagascar,MDG,3931334875,3254713056,3714966678,4063298919,3522227092,3838100904,4931861039,4262965420,4401967633,4277903780,4629247204,5438332602,5351701663,6372498890,5064732626,5859269753,6395712491,8524620890,10725137724,9616879409,9982711338
GDP (current US$),NY.GDP.MKTP.CD,Malawi,MWI,2737087862,3206783830,2618837835,3013392658,1719864761,2033701498,3319573750,3875785863,2547609590,2584478924,2537307580,2498008665,5087328438,4669789300,5058726350,5320409651,5818279739,6451210219,7743617352,9009887947,10128323011
GDP (current US$),NY.GDP.MKTP.CD,Malaysia,MYS,44024585240,49143148094,59167550163,66894966969,74478356958,88705342903,100855393910,100005323302,72167498981,79148421053,93789736842,92783947368,100845526316,110202368421,124749473684,143534405819,162692258307,193549569478,230811614370,202257453037,255017638456
GDP (current US$),NY.GDP.MKTP.CD,Maldives,MDV,215043969.8,244396761.9,284875809,322417837.2,356014932.1,398988955,450382328,508223602.4,540096397.6,589239753.6,624337145.3,870031676.8,897031250,1052121055,1226829563,1163362438,1575200391,1868383461,2271646188,2345294875,2588176055
GDP (current US$),NY.GDP.MKTP.CD,Mali,MLI,3248417791,3576562682,3680775037,3632801877,2655768636,3373322735,3743103420,3414879486,3894433432,4091446054,3521570876,4124281594,4647238257,5605613011,6485774930,7429066952,8212007554,9699047443,11462490840,12155217833,12710739160
GDP (current US$),NY.GDP.MKTP.CD,Malta,MLT,2547328748,2750216747,3021942759,2709193538,2998505428,3709396089,3822547151,3787023655,4010111652,4111857836,4036809767,4070867153,4455127398,5418315225,6104141501,6393234965,6749838862,7908412374,9172399573,8769897418,9097044301
GDP (current US$),NY.GDP.MKTP.CD,Marshall Islands,MHL,78476000,82507000,91063000,99461000,108071000,120230000,110858000,109884700,112070100,113352100,114838500,122406100,131960000,131128500,132900000,138000000,143200000,150500000,146600000,151200000,161100000
GDP (current US$),NY.GDP.MKTP.CD,Mauritania,MRT,1506914408,2133692697,2164298425,1847353211,1944876755,2091726101,2132087009,2071996564,2032347665,1985922776,1779520886,1746063558,1777057481,2051147607,2362501023,2936019526,3919577286,4346212355,5206437194,4714595548,5628878798
GDP (current US$),NY.GDP.MKTP.CD,Mauritius,MUS,2689212760,2895354736,3267677814,3307302126,3606050873,4094741652,4481489762,4243755308,4225813976,4402193195,4726108622,4675755867,4906494249,5894873920,6667418752,6576108447,7137710413,8277474850,10127741915,9264482256,10144716155
GDP (current US$),NY.GDP.MKTP.CD,Mexico,MEX,261253675693,313139656146,363157832924,530160763663,553618247901,380157469867,432157945024,523449530464,557461102631,631249359702,742061329749,796064590549,810666116402,765549967889,819459227375,917571853437,1020265057882,1102355554880,1161553459985,943437414951,1105424238652
GDP (current US$),NY.GDP.MKTP.CD,"Micronesia, Fed. Sts.",FSM,147200000,166200000,178100000,198400000,202500000,219930000,216546000,204397200,216520600,217198900,229616800,236387700,237654300,240949900,235538100,247000000,250000000,253000000,261000000,277000000,292000000
GDP (current US$),NY.GDP.MKTP.CD,Moldova,MDA,3592857043,3094565871,2319243436,2371813324,1702314268,1752999370,1695122174,1930081169,1698717505,1170782957,1288429392,1480673594,1661818168,1980907435,2598249556,2988342907,3408255451,4401173152,6054824248,5439434272,6974982370
GDP (current US$),NY.GDP.MKTP.CD,Monaco,MCO,2481307077,2480540845,2737049231,2574494356,2720332135,3130309995,3137886995,2840195190,2934593468,2907118417,2654462466,2673722829,2919647992,3597090047,4043553261,4204651894,4586828062,5875787545,6502945305,5474381528,5367561640
GDP (current US$),NY.GDP.MKTP.CD,Mongolia,MNG,2560785660,2379018326,1317611864,768401634.2,925817092.2,1452165005,1345719472,1180934203,1124440205,1057408589,1136896124,1267997934,1396555720,1595297356,1992066808,2523471601,3414055662,4234999704,5623216608,4583850368,7189481999
GDP (current US$),NY.GDP.MKTP.CD,Montenegro,MNE,..,..,..,..,..,..,..,838288806,854261160.7,828950327.4,984293043.8,1159869246,1286314054,1708196981,2077046942,2258016380,2719979875,3682586459,4559410049,4159063347,4136936244
GDP (current US$),NY.GDP.MKTP.CD,Morocco,MAR,30179954775,32285573574,33711069431,31655473664,35604137423,39030285468,43161571528,39147844526,46497608725,46266428648,43017455402,43831480208,47077192188,58029363354,66114145451,68852658069,75883823301,86947913287,101822906949,101154952241,100865329473
GDP (current US$),NY.GDP.MKTP.CD,Mozambique,MOZ,..,3854856435,2798696511,2883161897,2958108170,3061646174,4030146135,4873663775,5551118149,6285219691,5930685215,5650154067,5950769427,6583526861,7937255565,8868504900,9509835537,10811456006,12920340965,12263894790,11411894724
GDP (current US$),NY.GDP.MKTP.CD,Myanmar,MMR,2115193513,2069832687,2411552289,3163020035,4432257174,5289174943,6123556717,4722288496,6459461639,8486832801,8905066164,6477790688,6777632512,10467109978,10567354056,11986972419,14502553710,20182477481,31862554102,36906181381,49540813342
GDP (current US$),NY.GDP.MKTP.CD,Namibia,NAM,2789921854,2996869281,3429521699,3251188833,3666503530,3978514206,3989163197,4154989950,3873109866,3868551730,3922232165,3557341215,3349169826,4926439384,6609205995,7248374838,8001779551,8839536476,8607431497,8938847189,11431412421
GDP (current US$),NY.GDP.MKTP.CD,Naoero,NRU,55572375.53,52533788.56,51133123.13,43542088.25,39742511.24,39969705.97,37458801.21,37331507.28,29664450.93,27328612.61,26930980.34,22613287.54,21017423.61,24778159.58,30587565.8,30070666.07,29200359.39,22766972.19,37602264.73,44176245.55,47562844.61
GDP (current US$),NY.GDP.MKTP.CD,Nepal,NPL,3627560239,3921476085,3401211581,3660041667,4066775510,4401104418,4521580381,4918691917,4856255044,5033642384,5494252208,6007055042,6050875807,6330473097,7273938315,8130258378,9043715356,10325618017,12545438605,12854985464,16002656434
GDP (current US$),NY.GDP.MKTP.CD,Netherlands,NLD,318799003994,327982316124,363497050125,354070495966,379688232232,452967334614,451372549020,417506211882,438612530549,447778514140,417649282154,432536219669,475529972123,582435617082,661224886143,688133699636,737593995289,853499460873,957901566041,878954223140,852464982433
GDP (current US$),NY.GDP.MKTP.CD,New Caledonia,NCL,2529440424,2653780672,2923883281,2822243781,3038728385,3628440505,3606968436,3291131281,3556304833,3647802050,3420032041,3297734891,3740056748,4915353827,5895008978,6238629487,6979155388,8819917180,9067619760,8704438102,9364350077
GDP (current US$),NY.GDP.MKTP.CD,New Zealand,NZL,45495129385,42745329732,41649829860,46775620817,55314732279,63918703507,70140835299,66075143415,56227169851,58762260626,52623281957,53872425917,66627729311,88250885550,103905210084,114720129550,111538810713,137188946866,133437126590,121663439315,146887902524
GDP (current US$),NY.GDP.MKTP.CD,Nicaragua,NIC,1009455484,1488804124,1792800000,1756454248,3863185119,4140470000,4308351903,4389973490,4635347386,4856026259,5109587050,5351752034,5223727303,5322228351,5792932838,6321324279,6763672381,7423375015,8496967597,8298702489,8758602233
GDP (current US$),NY.GDP.MKTP.CD,Niger,NER,3512356508,3285796875,3386232579,3052673849,1938058175,2302537562,2405686940,2290318910,2643363519,2537789821,2241753193,2448714704,2782192879,3394084732,3760443738,4383315965,4756361252,5731485052,7297600226,7352131310,7851192502
GDP (current US$),NY.GDP.MKTP.CD,Nigeria,NGA,54035795388,59526833412,52058181854,56721051402,80399613064,140919776986,185730236700,200850397618,218416200673,59145077039,69171451627,73557840064,95054059303,104738954264,135764731646,175670569969,238454997161,278260846800,339476276258,295008835381,366990417129
GDP (current US$),NY.GDP.MKTP.CD,North Macedonia,MKD,4699646643,4938775510,2436849342,2682456897,3559608640,4707041315,4642021256,3912986091,3765745023,3863619285,3772859034,3709636031,4018365747,4946296599,5682784472,6258602873,6861226972,8336474974,9909552435,9401736825,9407170321
GDP (current US$),NY.GDP.MKTP.CD,Northern Mariana Islands,MNP,..,..,..,..,..,..,..,..,..,..,..,..,1284000000,1239000000,1210000000,1061000000,990000000,938000000,939000000,795000000,799000000
GDP (current US$),NY.GDP.MKTP.CD,Norway,NOR,119344377526,121149331318,129998873602,119841699440,126324387894,151083627983,162427517132,160013571974,152955958172,161304620987,170620327660,173590978347,195359978957,229192678173,265662977688,311417306946,349773283645,407813774161,472060283688,395664488017,440132138425
GDP (current US$),NY.GDP.MKTP.CD,Oman,OMN,13310273082,12918335501,14183615085,14230429129,14715214564,15722236671,17402080624,18039791938,16044213264,17832769831,22259557867,22205721717,23065539662,24733680104,28378933680,35506892068,42577633290,48300390117,69804681404,55454096229,64993498049
GDP (current US$),NY.GDP.MKTP.CD,Pakistan,PAK,40010423970,45625336680,48884671947,51809999353,52293470813,60636071684,63320170084,62433340468,62191955814,62973857069,99484802345,97145618480,97923302809,112371913741,132216048339,145208562961,161871385506,184140869997,202203748584,187337783856,196709621850
GDP (current US$),NY.GDP.MKTP.CD,Palau,PLW,97702303,106555300,104771300,96455700,106138500,121018500,137494600,143860800,149079600,144206500,149551484.4,159446234.4,162658718.8,154566781.3,166363734.4,185658171.9,190777421.9,196012718.8,199046109.4,184049765.6,184292328.1
GDP (current US$),NY.GDP.MKTP.CD,Panama,PAN,6433967000,7074675500,8042337700,8782585400,9365289800,9573813700,9197503300,10058854400,11019557700,11660704800,11966497000,12252906300,12800851300,13603456000,15100203400,16623906700,18659721500,21717433800,25721328000,27791215500,30231009500
GDP (current US$),NY.GDP.MKTP.CD,Papua New Guinea,PNG,3219729083,3787394958,4377980510,4974550286,5502786070,4636057476,5155311077,4936615299,3789443015,3477038204,3521339699,3081024212,2999511040,3536411824,3927157867,4865892972,8354911041,9545028944,11670892801,11619456449,14250786675
GDP (current US$),NY.GDP.MKTP.CD,Paraguay,PRY,5812114523,6984367763,7157424031,7249533620,7870982005,9062131475,9788391781,9965225678,9260481572,8837070236,8855705140,8495806432,7196260657,7691367471,9624440836,10737500188,13429430050,17856393235,24615267664,22355151162,27260886405
GDP (current US$),NY.GDP.MKTP.CD,Peru,PER,26410386963,34341465998,35966302303,34832077221,44882079767,53312793687,55252414130,58147522523,55501467877,50187324568,51744749133,52030158775,54777553515,58731030122,66768703498,76060606061,88643193062,102170981144,120550599815,120822986521,147527631521
GDP (current US$),NY.GDP.MKTP.CD,Philippines,PHL,50508286642,51784144943,60422328242,62036529147,73159336915,84644328727,94648084429,94106317565,74492416330,85640171045,83669788377,78921234458,84307345888,87039092974,95001999685,107419977318,127652926368,155980408673,181624626327,175974755881,208368893151
GDP (current US$),NY.GDP.MKTP.CD,Poland,POL,65977748211,85500935935,94337050693,96043157273,110803635288,142838527115,160813026223,159893964917,175282269667,170704452715,172953527033,191823200371,199694463256,218561225998,256268656145,306999913151,345897630736,429715132138,535612030672,440891472247,478111630684
GDP (current US$),NY.GDP.MKTP.CD,Portugal,PRT,78713860217,89233599278,107592098307,95009751901,99688641304,118122007430,122630089680,117016535163,123946327916,127470385557,118605192877,121604107165,134795565549,165226175537,189382122532,197253876705,208756449276,240496147317,263416394624,244667762836,238443864993
GDP (current US$),NY.GDP.MKTP.CD,Puerto Rico (US),PRI,30603919000,32287031000,34630430000,36922456000,39690630000,42647331000,45340835000,48187039000,54086400000,57841000000,61701800000,69208400000,71623500000,74827400000,80322313000,83914521300,87276164400,89524131600,93639300000,96385600000,98381300000
GDP (current US$),NY.GDP.MKTP.CD,Qatar,QAT,7360439560,6883516484,7646153846,7156593407,7374450549,8137912088,9059340659,11297802198,10255494505,12393131868,17759890110,17538461538,19363736264,23533791209,31734065934,44530494505,60882142857,79711813187,115269780220,97798351648,125122252747
GDP (current US$),NY.GDP.MKTP.CD,Romania,ROU,38247882300,28850634900,25121666667,26361160450,30072805104,37430162103,36937074278,35575214078,41696091974,35953156754,37253739511,40395116581,46065502703,57806384143,74973656852,98454380120,122023735993,174588782939,214315932061,174110532659,170064350672
GDP (current US$),NY.GDP.MKTP.CD,Russian Federation,RUS,517014446228,517962962963,460290556901,435083713851,395077301248,395537185735,391724890744,404928954192,270955486862,195907128351,259710142197,306602070621,345470494418,430347420185,591016690732,764015973481,989932071353,1299703478482,1660848058303,1222645900056,1524916715224
GDP (current US$),NY.GDP.MKTP.CD,Rwanda,RWA,2550185679,1911600237,2029026962,1971525712,753636370.5,1293535193,1382334879,1851558197,1989343546,2157108263,2068836754,1966600715,1966003468,2138237279,2376496067,2933819766,3274207945,4017977507,5120655375,5603399015,6052276078
GDP (current US$),NY.GDP.MKTP.CD,Samoa,WSM,125766269.8,125597205.4,132303041.4,133122897.2,221098106.5,224865731.4,249907868.8,285475591.9,269485244.2,255408060.3,258856139.8,266299591.5,281790134.2,333426188.4,407747565.1,476801793.2,499923757.8,573548459.8,641346191.7,628006115.4,680260907.2
GDP (current US$),NY.GDP.MKTP.CD,San Marino,SMR,..,..,..,..,..,..,..,976606910.6,1048316226,1109473282,1007661291,1059529731,1148872076,1462590387,1715341295,1786513631,1909765811,2188653429,2403214436,2064277984,1881191950
GDP (current US$),NY.GDP.MKTP.CD,Sao Tome and Principe,STP,119297932.8,107484142.7,94861780.62,125742228.8,131338414.6,103695236.8,135188165.7,91920274.24,72285403.84,77302211.92,76198394.82,75951133.38,85171073.88,102085769.1,114582283.9,136450662.4,142775104.1,149146918.9,188021165,200668065,190021192.5
GDP (current US$),NY.GDP.MKTP.CD,Saudi Arabia,SAU,117630173565,132223230975,137087850467,132967957276,135174899866,143343124166,158662483311,165963684913,146775466667,161717066667,189514933333,184137600000,189605866667,215807733333,258742133333,328459608764,376900133511,415964509673,519796800000,429097866667,528207466667
GDP (current US$),NY.GDP.MKTP.CD,Senegal,SEN,7390967360,7255210470,7769817840,7367986241,5034588196,6326342633,6559712166,6041478726,6505607909,6592834933,6013185004,6507824829,7006402320,8768721563,10076816667,11009033438,11697918243,13994218413,16853989628,16145867495,16121315909
GDP (current US$),NY.GDP.MKTP.CD,Serbia,SRB,..,..,..,..,..,17921892655,23277430168,27153408995,21004077441,20878694851,7326373882,13599378662,17930583571,23593044418,26845632342,28334256181,33298057362,44888028946,54220641202,46955984410,43536629233
GDP (current US$),NY.GDP.MKTP.CD,Seychelles,SYC,392163560.9,398307169.9,461409398.9,504230620.6,517570058.2,540733047.7,535250347.1,598966982.4,647287375.8,662838614.9,654212394.3,662064155.9,742134837.5,750847230.1,893012218.2,977899381.8,1081441283,1077308814,979597394.3,850901620.4,981616542.3
GDP (current US$),NY.GDP.MKTP.CD,Sierra Leone,SLE,649644097.6,779981987.1,679940813.9,768867883,911853802.4,870740291.5,941709422.5,850232760,672368187.1,669386624,635866403.8,1681473894,1933863911,2142618046,2237350687,2545275313,3263697467,3632957611,4157895298,3953403098,4262805967
GDP (current US$),NY.GDP.MKTP.CD,Singapore,SGP,36144336769,45466164978,52131320033,60603815716,73688724431,87812540788,96293086513,100123787215,85728207782,86286849755,96076539926,89793790670,92538372870,97646401096,115033593101,127807848728,148627286361,180941701358,193617323539,194150283772,239807980591
GDP (current US$),NY.GDP.MKTP.CD,Sint Maarten (Dutch part),SXM,..,..,..,..,..,..,..,..,..,..,..,..,..,..,..,..,..,..,..,854972067,892290502.8
GDP (current US$),NY.GDP.MKTP.CD,Slovak Republic,SVK,17068924602,11952983608,12932972789,13991963247,16187735322,20306095054,21864845214,22026728498,22911708405,20813421086,20626538612,21377597035,24768142566,33761723946,42960730480,48823790951,57111148619,77019443089,96685492864,89342984698,91112160801
GDP (current US$),NY.GDP.MKTP.CD,Slovenia,SVN,19832029087,14454495059,14277261541,14449298372,16400767070,21367422159,21470699363,20726878752,22058635314,22609669084,20159190702,20668868707,23214593516,29360575032,34156553313,35947936824,39260368837,47880266543,55509332322,49975540955,47793117241
GDP (current US$),NY.GDP.MKTP.CD,Solomon Islands,SLB,214877666.8,227540473.3,269034595.8,300746361.1,402837005.3,469443201.5,510586430.2,526554006,457579840.2,488024514.4,419842674.2,409508553,346406738.9,417666638.6,468000121.3,552881356.7,617257457.8,695291218,776335523.5,805557289.5,898128551.3
GDP (current US$),NY.GDP.MKTP.CD,"Somalia, Fed. Rep.",SOM,1031282081,717974929.8,709297578.5,1260132956,1481205098,1534756135,1792234297,2191749014,2962047564,3045751528,3412797450,2252847465,2192684135,2836724352,3859592813,4683246454,5026743282,5430713729,5913620293,2948594552,2687807004
GDP (current US$),NY.GDP.MKTP.CD,South Africa,ZAF,126048140142,135203698238,146956150987,147194747566,153512712382,171735933897,163234925381,168978057328,152982984557,151516957079,151752757215,135429905923,129087556612,197018965309,255806908595,288867217197,303858675364,333077117254,316131258616,329754060647,417363822802
GDP (current US$),NY.GDP.MKTP.CD,South Sudan,SSD,..,..,..,..,..,..,..,..,..,..,..,..,..,..,..,..,..,..,14586253383,12231264525,14602072411
GDP (current US$),NY.GDP.MKTP.CD,Spain,ESP,536175326477,576753902322,630465353486,524700572624,530183651720,614170002669,642251412058,589739772727,618731484575,634394904387,598102854756,627798682379,708938227244,907963217058,1069829382515,1154667551776,1261846683275,1476746276855,1636115447613,1496587590848,1427989078917
GDP (current US$),NY.GDP.MKTP.CD,Sri Lanka,LKA,8032551173,9000362582,9703011636,10338679636,11717604209,13029697561,13897738375,15091913884,15760736956,15711933513,16595882819,15749753805,16536535647,18881765437,20662525941,24405791045,28267410543,32350238760,40713826215,42066224093,58636049581
GDP (current US$),NY.GDP.MKTP.CD,St. Kitts and Nevis,KNA,217259259.3,220540740.7,242137037,263755555.6,295159259.3,313485185.2,333944444.4,374641308,383257331.4,406595484.4,421695769.8,458643829,481077373.7,469869869.9,506900000,547203703.7,644414814.8,689285185.2,777692592.6,774274074.1,778718518.5
GDP (current US$),NY.GDP.MKTP.CD,St. Lucia,LCA,579629629.6,613703703.7,674074074.1,684814814.8,713703703.7,762962963,788888888.9,805925925.9,877407407.4,921851851.9,932592592.6,892592592.6,900000000,987407407.4,1066666667,1135555556,1268319185,1336088815,1437731111,1401507889,1482385185
GDP (current US$),NY.GDP.MKTP.CD,St. Martin (French part),MAF,..,..,..,..,..,..,..,..,..,..,..,..,..,..,..,..,..,..,..,..,..
GDP (current US$),NY.GDP.MKTP.CD,St. Vincent and the Grenadines,VCT,240366666.7,254829629.6,277955555.6,286307407.4,289437037,316007407.4,331488888.9,347770370.4,373618518.5,390718518.5,427946037,462072333.3,487763851.9,509090888.9,549900185.2,579948925.9,643501148.1,713596666.7,732663259.3,714300259.3,720447888.9
GDP (current US$),NY.GDP.MKTP.CD,Sudan,SDN,33641222222,44171194366,7031933492,8881005436,12793794737,13830363900,9018300725,11681175864,11250221537,10682028340,12257299147,15716361792,18137128388,21355298460,26646007251,35182711988,45263831634,59440139775,64833083257,51621044077,58962978034
GDP (current US$),NY.GDP.MKTP.CD,Suriname,SUR,388400000,448100000,404600000,428764705.9,605492537.3,691590497.7,861372806.2,926422500,1110850000,886290697.7,947671969.7,834279357.8,1093574468,1274190311,1484092538,1793410397,2626380435,2936612022,3532969035,3875409836,4368370998
GDP (current US$),NY.GDP.MKTP.CD,Sweden,SWE,261466577009,273831464572,283908914454,212644602616,228699066874,267050453507,291949597375,268249616891,270887306759,274318357862,262903560280,242497797485,267371907447,334072443516,384545442175,391688455929,422528394459,490047789548,514614100833,434311714442,492750897239
GDP (current US$),NY.GDP.MKTP.CD,Switzerland,CHE,269768238555,272953645746,284139428246,276339744180,305916331798,358152520085,345373647249,298868250534,306907741068,301911268140,282327351966,290160142214,313930961761,366563952625,409012909530,424511048024,448364681767,498993845385,574703945157,563659557945,609999593542
GDP (current US$),NY.GDP.MKTP.CD,Syrian Arab Republic,SYR,12308624418,12981833333,13253565861,13695962055,10122020000,11396706587,13789560878,14505233463,15200846154,15873875969,18937031610,20078599626,20786986580,21828144686,25086910448,28858937499,33751812959,40465331020,52557913397,54111721044,61390833273
GDP (current US$),NY.GDP.MKTP.CD,Tajikistan,TJK,2629395066,2536585366,1908554572,1646623195,1522001206,1231561860,1043654822,921518032.9,1320199582,1086612290,860541842.3,1080772551,1221106220,1555318261,2076176869,2312352021,2830213849,3719524541,5161299725,4979472364,5642221099
GDP (current US$),NY.GDP.MKTP.CD,Tanzania,TZA,6184384225,7197768159,6681997469,6182872708,6550480484,7631431840,9433528150,11158197942,12172790056,12704334196,13371767082,13563990022,14129651896,15211487709,16673062473,18395383647,18619859795,21860434823,27947821398,29400573554,32012892919
GDP (current US$),NY.GDP.MKTP.CD,Thailand,THA,85343190719,98234714971,111452746518,128889262951,146683778959,169278916593,183035237429,150180456566,113675596788,126669211779,126392224254,120296476180,134300904400,152280615246,172895685155,189318408469,221758296022,262942621455,291382982431,281710630187,341104766329
GDP (current US$),NY.GDP.MKTP.CD,Timor-Leste,TLS,128210142,147713000,187891500,216914400,239040500,262819900,306956900,319972700,325729800,225357600,366924300,477359300,469455500,490439100,440772000,462268000,453792400,542795400,648523600,726937800,881909300
GDP (current US$),NY.GDP.MKTP.CD,Togo,TGO,2299665506,2262767860,2390796916,1741944426,1387662121,1849110468,2069506014,2116818623,2241650112,2226577204,2106848752,2093498674,2410199032,2987984051,3191561509,3221910408,3320907722,3759962853,4578847113,4721888275,4746386893
GDP (current US$),NY.GDP.MKTP.CD,Tonga,TON,113563821.6,132201141.4,137066290.6,138489884.4,195990986.2,208871665.7,222100576.3,214991452.3,191504892.8,199208717.5,204848487.8,181117230.4,182764280.8,202246591.2,230678011.4,261823805.4,292232703.3,298519623.3,344438844.3,312415028.4,366887375
GDP (current US$),NY.GDP.MKTP.CD,Trinidad and Tobago,TTO,5068000000,5307905882,5439552941,4669491134,4947181646,5329217747,5759570336,5737771523,6043686654,6808982521,8154342116,8824849191,9008298229,11305459802,13280291990,15982389018,18369361094,21641620050,27871587350,19172165226,22157920592
GDP (current US$),NY.GDP.MKTP.CD,Tunisia,TUN,12290568182,13074782609,15496708060,14608335608,15633174304,18030876599,19587161807,20746210354,21802893587,22943202175,21473528161,22065832449,23141616605,27453902261,31183885241,32272186695,34376664601,38915353867,44859439902,43455740497,46206091938
GDP (current US$),NY.GDP.MKTP.CD,Turkiye,TUR,150655500192,151034731544,159104772992,180415757852,130650447499,234699627004,250366965174,263817553748,276035372655,256673939248,274748463179,202195080239,240778008474,315392899922,410156784496,508314210213,559668118237,685228481017,775415944333,653894449921,782545664268
GDP (current US$),NY.GDP.MKTP.CD,Turkmenistan,TKM,3189539641,3208098919,3200539816,3179225949,2561118608,2482228440,2378759975,2450350625,2605689134,2450564100,2904663311,3534772732,4462029109,5977440583,6838351088,8103901996,10276674365,12664165103,19271523179,20214385965,22583157895
GDP (current US$),NY.GDP.MKTP.CD,Turks and Caicos Islands,TCA,..,..,..,..,..,..,..,..,..,..,..,358744800,366707900,409753600,485598800,578645800,721891500,773490000,862684000,703176000,686788000
GDP (current US$),NY.GDP.MKTP.CD,Tuvalu,TUV,9542900.901,10127313.91,10535028.14,10414399.96,11772610.66,11922614.2,13338597.33,13734210.1,13795146.21,14800503.26,14881202.58,14139705.25,16639799.89,19584879.57,22878877.91,22846519.17,24274966.43,28547819.71,31602915,27851666.17,32425361.81
GDP (current US$),NY.GDP.MKTP.CD,Uganda,UGA,4304399310,3321729160,2857457762,3220439044,3990430447,5755818842,6044585327,6269333313,6584815847,5998563258,6193246837,5840503869,6178563591,6606884275,7939487548,9239221763,9977647683,11902564495,14440404132,25127805567,26673441431
GDP (current US$),NY.GDP.MKTP.CD,Ukraine,UKR,81393558423,77350733982,73945908384,65648559903,52549580265,48213856469,44558831005,50151531592,41882523345,31580639554,32375083935,39309580983,43956163612,52010355753,67220154164,89238865119,111884752475,148733861386,188110390660,121552153444,141209170427
GDP (current US$),NY.GDP.MKTP.CD,United Arab Emirates,ARE,50701374187,51552058250,54239188746,55625269485,59305111228,65743604966,73571217377,78838886862,75674384205,84445399335,104337463730,103311631797,109816091079,124346476180,147824249958,180617467954,222116532963,257916148767,315474615741,253547358747,307736348527
GDP (current US$),NY.GDP.MKTP.CD,United Kingdom,GBR,1093169389205,1142797178131,1179659529660,1061388722256,1140489745944,1349094208616,1425287051482,1569317288802,1660821464061,1693458987219,1671597821153,1656171009069,1790536570743,2061227755102,2429774807763,2551361818182,2719558417663,3104699879952,2945251838235,2429358155476,2496740681057
GDP (current US$),NY.GDP.MKTP.CD,United States,USA,5963144000000,6158129000000,6520327000000,6858559000000,7287236000000,7639749000000,8073122000000,8577552000000,9062817000000,9631172000000,10250952000000,10581929000000,10929108000000,11456450000000,12217196000000,13039197000000,13815583000000,14474228000000,14769862000000,14478067000000,15048971000000
GDP (current US$),NY.GDP.MKTP.CD,Uruguay,URY,9298807850,11206176651,12878148791,15002136971,17474588896,19297663097,20515458114,23969739234,25385886978,23983945191,22823270892,20898761742,13606515723,12045638352,13686329890,17362857684,19741420740,23797773024,31119602539,32708319078,41950361212
GDP (current US$),NY.GDP.MKTP.CD,Uzbekistan,UZB,13362340338,13800167712,12953801760,13099920056,12899074922,13350461265,13948892216,14744603774,14988971211,17078465982,13760513969,11401421329,9687788513,10134453435,12030023548,14307509839,17330833853,22311393928,29549438884,33689223673,55544226553
GDP (current US$),NY.GDP.MKTP.CD,Vanuatu,VUT,168879207.2,201334169.1,209088824.6,200491853.2,233701301.5,249333250.1,261370044.5,272771209.1,262293410.7,268006972.7,272014627.8,257926881.7,262596535.5,314471413,364996869.1,394962433,439358586.5,516392922.5,590748429.4,592622319.1,670712979.7
GDP (current US$),NY.GDP.MKTP.CD,"Venezuela, RB",VEN,48606952195,53453444787,60416519620,60037460783,58418666667,77389487770,70543211119,85837678560,91336763255,97972842462,117146466003,122911036747,92893587734,83620628582,112451400425,145513489652,183477522124,230364012576,315953388511,329787628928,393192354511
GDP (current US$),NY.GDP.MKTP.CD,Viet Nam,VNM,6471740806,9613369520,9866990236,13180953598,16286433533,20736164459,24657470575,26843700442,27209602050,28683659007,31172518403,32685198809,35064105501,39552513232,45427854693,57633255738,66371664817,77414425532,99130304099,106014659565,147201173197
GDP (current US$),NY.GDP.MKTP.CD,Virgin Islands (U.S.),VIR,..,..,..,..,..,..,..,..,..,..,..,..,3262000000,3443000000,3797000000,4428000000,4484000000,4784000000,4244000000,4201000000,4324000000
GDP (current US$),NY.GDP.MKTP.CD,West Bank and Gaza,PSE,..,..,..,..,2843300000,3282800000,3409600000,3759800000,4067800000,4271200000,4313600000,4003700000,3555800000,3968000000,4603100000,5125700000,5348300000,5815700000,7310400000,8085700000,9681500000
GDP (current US$),NY.GDP.MKTP.CD,"Yemen, Rep.",YEM,12643821569,14665445462,17959367194,21736802664,28019483764,12796345679,6496163616,6838298531,6322175566,7639325296,9679316770,9852990693,10693430511,11777532662,13867634371,16731566717,19063143370,21650528674,26910855807,25130278213,30906749533
GDP (current US$),NY.GDP.MKTP.CD,Zambia,ZMB,3288381797,3376806697,3182810841,3273505344,3656806166,3806983413,3597220962,4303288480,3537741942,3404284891,3600632111,4094441301,4193850445,4901869764,6221110219,8331870169,12756858899,14056957976,17910858638,15328342304,20265559484
GDP (current US$),NY.GDP.MKTP.CD,Zimbabwe,ZWE,8788301546,8646000000,6755000000,6567250000,6894250000,7115000000,8557500000,8534000000,6405250000,6861500000,6693250000,6780750000,6345250000,5730500000,5808500000,5758250000,5446750000,5294750000,4418000000,9670750000,12047750000
GDP (current US$),NY.GDP.MKTP.CD,Africa Eastern and Southern,AFE,256383478165,276918965238,241188710607,239981577262,243477941445,273327490480,273428068927,288271180913,268728576303,265321450546,287042463740,260850392952,269746460053,358116678901,445975553010,521562847474,587454940473,674947497628,726711167541,726850536901,863749634745
GDP (current US$),NY.GDP.MKTP.CD,Africa Western and Central,AFW,124277825787,130794315519,125449432678,130547124414,135350756019,207843864309,263563556144,276460023662,297126502719,140119071338,142700161610,150714426912,180129182231,208646527355,257939299772,316515667947,402077365741,470947616491,574259808704,515037106036,605794323434
GDP (current US$),NY.GDP.MKTP.CD,Arab World,ARB,641683975929,467929157935,467773400613,478901864353,499875741125,528474736899,570906140764,614595216836,598783460088,665404764120,763400074351,744564338443,746768175363,830076531568,987304821542,1210081941399,1439461123431,1674640786036,2121063708752,1832774180320,2165961502752
GDP (current US$),NY.GDP.MKTP.CD,Caribbean small states,CSS,13573367100,13946896742,14242986936,13815833342,14793002835,15732201525,16941993240,20074931520,21643804665,23393912390,25625542926,26504661126,27742046925,30589389406,33597817092,38224293959,44325879983,49739222993,57296315262,47913515379,52803409572
GDP (current US$),NY.GDP.MKTP.CD,Central Europe and the Baltics,CEB,276777263070,244245640082,252364702967,267674623021,304448250408,388889205137,411186267613,405325268751,442779325890,426345402233,420823859911,460153265512,518049996937,621437270111,749236864681,871993037921,987675979324,1254691637899,1526123276964,1289261661161,1319446244882
GDP (current US$),NY.GDP.MKTP.CD,Early-demographic dividend,EAR,1915395300810,2032060802129,2207917972524,2381903872503,2502051602237,2616760247006,2836276821588,3029896330910,2921202598159,3090767584478,3378193447814,3351551499259,3255788416656,3622383752487,4209610787469,4897661936724,5600150744579,6630769690203,7464456008410,7181684474649,8728192674220
GDP (current US$),NY.GDP.MKTP.CD,East Asia & Pacific,EAS,4870448081100,5504103130127,6016741720050,6732486122258,7530779339792,8528716916021,8228628055250,7860107080825,7007987267443,7826875274858,8486535433030,7890593533287,8019320137888,8807340167908,9868085960845,10526916106060,11166176306011,12482468447983,14397041627177,14811619687571,17291859920838
GDP (current US$),NY.GDP.MKTP.CD,East Asia & Pacific (excluding high income),EAP,667410241508,724654932689,812994672964,892446273872,1074481772219,1325739943459,1523108085149,1576765689263,1441284604893,1587766769234,1748618348962,1862932027334,2063860728513,2337899791170,2712364424547,3140095880510,3783277937264,4787055911780,6062020651660,6581355241401,8008612939930
GDP (current US$),NY.GDP.MKTP.CD,East Asia & Pacific (IDA & IBRD countries),TEA,666725912038,723904575173,812130263841,891466245843,1073279171691,1324237119504,1521371528101,1574968030482,1439654527489,1585945646833,1746600304145,1860776095172,2061454246158,2335145056826,2709157341038,3136370768809,3778749876885,4781266905492,6054649425102,6573323824228,7998793934321
GDP (current US$),NY.GDP.MKTP.CD,Euro area,EMU,5930533130403,6132817301223,6756330192255,6188568278739,6536616886781,7553162009471,7635464160643,6983168724241,7182324521394,7152815111746,6533285976077,6636734730022,7247791094759,8929519218444,10242911187425,10627971366602,11309041991993,13035176682197,14346208350010,13135138604358,12835436183866
GDP (current US$),NY.GDP.MKTP.CD,Europe & Central Asia,ECS,8878726012344,9138089898100,9788468740273,8995636772541,9408153883833,10940729460750,11168606418196,10603796378823,10797712209603,10686389670550,10078047371487,10182615561468,11150184165051,13558532492379,15806093490341,16828963477327,18232780756499,21312176373246,23464214449944,20665617638433,21144686639874
GDP (current US$),NY.GDP.MKTP.CD,Europe & Central Asia (excluding high income),ECA,354162047861,341091427145,328456061561,339240955304,265720716949,373850853755,395418991592,420620916290,421392804209,384494001094,391265288460,335654261833,390539574548,498100392298,641354851059,798910158033,929653913666,1171564532813,1402469464526,1169850373592,1390857073642
GDP (current US$),NY.GDP.MKTP.CD,Europe & Central Asia (IDA & IBRD countries),TEC,1023447655222,1001726332505,928560950239,919184389271,828931569962,991386506668,1021246372671,1056346888860,949940635054,824136419160,896296644399,911685748933,1024837356678,1261025229728,1631386098917,2043000026365,2471291016359,3179151934107,3936202053333,3121840190454,3673616542654
GDP (current US$),NY.GDP.MKTP.CD,European Union,EUU,6509962315039,6725128658501,7386533474604,6748064931035,7153669602084,8292479629104,8427282888819,7730067215825,7963038897258,7926425566614,7279892216792,7398267811405,8089955515957,9944006859363,11434848361292,11940626626680,12754718274524,14779905573600,16360464416206,14844850799682,14641776061063
GDP (current US$),NY.GDP.MKTP.CD,Heavily indebted poor countries (HIPC),HPC,165447183505,180013449210,136844691210,142051421909,121518574647,141395905528,154688747451,161933433655,167620980707,168431404824,181929508087,175879852361,190891346466,216610034974,249571115303,288591119561,338947673939,404319749775,481564738214,475142721102,518681650291
GDP (current US$),NY.GDP.MKTP.CD,High income,HIC,19667490187457,20754390160177,22226176245107,22395792091846,23957531730600,26567418298133,26785161174426,26340216405261,26260273154078,27503045905190,28162974031506,27928896371817,29144343172969,32698820544966,36519104666599,38777915773379,41167629825978,45307766399565,48575377625136,45185733854676,47610738714068
GDP (current US$),NY.GDP.MKTP.CD,IBRD only,IBD,3640234641966,3533522589117,3691704784868,3930669158918,4336867507416,4987839099170,5443875017792,5775060591518,5550058379298,5408484188258,5886134978693,5971611141415,6065785974351,6814154037539,8117393631130,9694742216243,11501211498156,14287517909878,17147397340377,16646670816085,20239797714297
GDP (current US$),NY.GDP.MKTP.CD,IDA & IBRD total,IBT,4017916711579,3940510265552,4055233877768,4312831087602,4732712405130,5468656850572,5998032496243,6355351844568,6153797551256,5860980124816,6405161916664,6484663039123,6618955701161,7438051094245,8846953925342,10543941001744,12515788445512,15478350774973,18566849399860,18030309686510,21843599755374
GDP (current US$),NY.GDP.MKTP.CD,IDA blend,IDB,159019516930,170036291239,165355540082,175244559142,190983317299,267309715975,328495025650,344040187983,360890034245,203538006167,244290144706,243968067390,267621509358,302939673629,365116376619,428328538127,526645636934,609839841032,714771797938,669157586077,786359231668
GDP (current US$),NY.GDP.MKTP.CD,IDA only,IDX,220767518955,240288582088,199759409828,208457572284,205697718339,213394230364,225170917307,235609683373,242828324964,249690571092,275650920075,269747437393,286540275918,322074306128,365272291016,421468030604,488304362309,580806156919,704680261545,714481284348,817442809409
GDP (current US$),NY.GDP.MKTP.CD,IDA total,IDA,378607545881,408942216795,364506102250,383123667527,396492340121,481971986421,555986446839,582084646128,606361225727,452400909421,519441856818,513296405076,553836284401,624678232124,730312504981,849808229882,1015393219998,1190938893682,1419452059483,1383638870425,1603802041077
GDP (current US$),NY.GDP.MKTP.CD,Late-demographic dividend,LTE,1969512751971,1979786087178,2019093016960,2102175787620,2440367682873,3023905067448,3335133915922,3493738971286,3367800746255,3112522628018,3418913200755,3536187082459,3750348820903,4273780094502,5137669562692,6197282356459,7482372535432,9435731160312,11746008266261,11368249341335,13681203944218
GDP (current US$),NY.GDP.MKTP.CD,Latin America & Caribbean,LCN,1101649853840,1189339213608,1299092404987,1537127525768,1795771702367,1942345373687,2100954032184,2303665490980,2331974611877,2107674024427,2326960808220,2282616598587,2052785896654,2091901149500,2405470324871,2903225604298,3397326624081,3998763226331,4644092806763,4357538710237,5397655976518
GDP (current US$),NY.GDP.MKTP.CD,Latin America & Caribbean (excluding high income),LAC,999200488031,1075681682297,1170076247284,1397935427602,1640307476522,1762996031342,1911521633510,2094953882737,2116252056668,1893935164371,2103632373623,2058411677043,1833442255112,1860329009942,2137560387893,2596008248707,3041888570283,3605106967514,4216556735122,3942282553724,4911947255842
GDP (current US$),NY.GDP.MKTP.CD,Latin America & the Caribbean (IDA & IBRD countries),TLA,1033600786046,1123495935431,1232566922624,1466869007645,1715191251554,1855934080188,2016321456860,2212066943070,2233346783882,2002746450824,2214459331302,2161359793667,1927322088503,1960517237957,2264876337799,2752003834144,3234927436484,3826960106952,4465814394726,4176789652249,5212372072821
GDP (current US$),NY.GDP.MKTP.CD,Least developed countries: UN classification,LDC,192676976335,208818016298,165223219907,171011303886,167739564146,172091208742,181565021319,189340363935,192210596422,197805574801,224564439989,216586451094,238997145476,270939943316,311792443178,370634107575,430668720016,517201448592,635498688013,628091006955,711177667873
GDP (current US$),NY.GDP.MKTP.CD,Low & middle income,LMY,3318762167936,3236623796985,3396912933460,3668066247500,4101804124809,4763797923693,5273504290076,5609087530584,5514938515915,5319459832733,5796667553560,5812896698083,5897424611643,6582329229106,7738117921918,9153616469907,10792069669289,13261896828487,15800077993603,15860983059370,19281238913054
GDP (current US$),NY.GDP.MKTP.CD,Low income,LIC,130008414339,145715712930,100945256140,109272170085,102325546112,94452790503,91310974727,97274657553,98416782769,98986835504,122203639630,115323086245,127077820422,141515501992,165698854253,201372545813,235083355834,286238241796,345469916683,340799376714,378234341639
GDP (current US$),NY.GDP.MKTP.CD,Lower middle income,LMC,721910019834,689678234469,717599213403,719285658478,794411575675,953925113710,1071405880809,1139706610045,1188551537539,1087669057163,1168026472636,1189234070721,1218227151796,1371240293091,1601536204477,1857675291025,2188218204062,2690340761555,3006800915389,3146680477433,3765319017000
GDP (current US$),NY.GDP.MKTP.CD,"Middle East, North Africa, Afghanistan & Pakistan",MEA,836867640836,673694780583,711007498209,666662575625,703413205096,779320006737,862935523841,900703249117,881949381134,954642370741,1098655593166,1090274286299,1084280957544,1208787816829,1425039121627,1696746049955,1984464158643,2340610689868,2892703776066,2608280183520,3045879622174
GDP (current US$),NY.GDP.MKTP.CD,"Middle East, North Africa, Afghanistan & Pakistan (excluding high income)",MNA,561877077035,380581307811,390454379064,344284389324,361933969778,403354671398,446894233272,465770068926,475820335215,515243741363,577555393311,580255087941,565029334318,624719536901,739740924020,857124962326,996469269796,1209996489936,1469142385235,1421593053226,1629127925063
GDP (current US$),NY.GDP.MKTP.CD,"Middle East, North Africa, Afghanistan & Pakistan (IDA & IBRD)",TMN,557461708925,377590606395,387386092629,341578918011,359089803726,400070200954,443484189036,462008531499,471749358012,510969926889,573241793311,576251387941,561473534318,620751536901,735137824020,851999262326,991120969796,1204180789936,1461831985235,1413507353226,1619446425063
GDP (current US$),NY.GDP.MKTP.CD,Middle income,MIC,3195723188082,3100370410006,3299959069132,3563133544190,4002155644698,4669768346890,5181157477394,5510728497287,5415771029696,5220210300683,5675807560244,5698308087221,5771947167690,6442572753678,7574430502189,8955078429959,10560130122161,12979297389135,15459320842699,15524656827265,18906893796333
GDP (current US$),NY.GDP.MKTP.CD,North America,NAC,6560811991361,6772291612316,7116394258319,7439432921639,7869047506907,8247740840061,8706425384133,9235472549086,9699947073918,10312910648521,10999205634932,11324591275355,11693695836552,12356178599085,13248371709918,14217183637403,15141018255289,15949815407783,16329835439550,15859350766600,16672954718092
GDP (current US$),NY.GDP.MKTP.CD,Not classified,INX,..,..,..,..,..,..,..,..,..,..,..,..,..,..,..,..,..,..,..,..,..
GDP (current US$),NY.GDP.MKTP.CD,OECD members,OED,18927536081483,20039911664797,21561169598530,21906239018902,23421916750615,25867831172925,26094310406312,25697173077083,25844629792769,27152879473912,27778488573283,27514799599350,28704330298726,32089713975113,35719361405775,37779302577053,39873621654155,43663244462480,46373966166330,43394862640332,45526677050420
GDP (current US$),NY.GDP.MKTP.CD,Other small states,OSS,31954015148,33550913340,36340445477,34799288271,36855488522,43750838246,44988678260,45001855639,45175657701,47126365643,47447997452,47626338310,52122511272,64819510796,76950784903,86284958293,95908328760,115445997132,125254076612,107852490662,112786677893
GDP (current US$),NY.GDP.MKTP.CD,Pacific island small states,PSS,2385132399,2529727433,2776997612,2916179027,3414639448,3704482550,3969814416,3979427621,3430045707,3741318845,3444510932,3387243157,3551511786,4235417136,4871855214,5404344027,5674869059,6250949280,6698924093,6033680450,6638995494
GDP (current US$),NY.GDP.MKTP.CD,Post-demographic dividend,PST,18523011752434,19543831632333,20970587190584,21134194430801,22640945743653,25102168130846,25225933434935,24722077238172,24783774164439,26035692714140,26514807286901,26251047428649,27380537491974,30686884653568,34093567886600,35883964025378,37770129321607,41227786934667,43675050278962,41130483724941,42907615946030
GDP (current US$),NY.GDP.MKTP.CD,Pre-demographic dividend,PRE,397040693432,224731322067,174864985461,182710500408,190512119843,280321612128,339779202888,372342820435,394007939421,245465540938,283217741818,269595630764,312135025049,340468658770,424234077246,531122307171,668501035348,808147234882,1008759607219,914568494529,1069026111075
GDP (current US$),NY.GDP.MKTP.CD,Small states,SST,47935378888,50019032462,53255036350,51480858165,55022851743,63080936209,65815856109,69056214780,70249508074,74261596878,76518051310,77518242594,83416069983,99644317338,115420457209,129913596279,145909077802,171436169405,189249315967,161799686491,172229082959
GDP (current US$),NY.GDP.MKTP.CD,South Asia,SAS,364740287588,314469355543,333546277430,327009281233,377442853701,416341940330,458508459742,484982931206,492856423475,531825749350,544940514563,562554379798,593707009777,694775911444,804159915390,924419567611,1051884831127,1342148092012,1347380565219,1502961023416,1869826822337
GDP (current US$),NY.GDP.MKTP.CD,South Asia (IDA & IBRD),TSA,364740287588,314469355543,333546277430,327009281233,377442853701,416341940330,458508459742,484982931206,492856423475,531825749350,544940514563,562554379798,593707009777,694775911444,804159915390,924419567611,1051884831127,1342148092012,1347380565219,1502961023416,1869826822337
GDP (current US$),NY.GDP.MKTP.CD,Sub-Saharan Africa,SSF,379792346523,406697411521,365899500397,369858677465,378181813147,481079007261,537530179194,565282993319,566816310317,404651982255,428788727164,410936482186,449501126212,565920228913,702843567490,836994144673,988827706638,1145187476949,1300970976245,1241887642937,1469543958179
GDP (current US$),NY.GDP.MKTP.CD,Sub-Saharan Africa (excluding high income),SSA,379398895465,406298212694,365435981519,369351885277,377661601267,480536248747,536993447940,564682059532,566166520918,403985079544,428130754795,410270416419,448754410667,565165696848,701946427140,836012300136,987742442582,1144107728262,1299991378851,1241036741317,1468562341636
GDP (current US$),NY.GDP.MKTP.CD,Sub-Saharan Africa (IDA & IBRD countries),TSS,379792346523,406697411521,365899500397,369858677465,378181813147,481079007261,537530179194,565282993319,566816310317,404651982255,428788727164,410936482186,449501126212,565920228913,702843567490,836994144673,988827706638,1145187476949,1300970976245,1241887642937,1469543958179
GDP (current US$),NY.GDP.MKTP.CD,Upper middle income,UMC,2473739364735,2410640500595,2582335563908,2843925173135,3207856037634,3715826421204,4109725004124,4370993512298,4227162980183,4132511001157,4507754295878,4509040189336,4553680056521,5071283063645,5972840657143,7097354678868,8371855781849,10288887282490,12452519927310,12377976349832,15141574779333
GDP (current US$),NY.GDP.MKTP.CD,World,WLD,22991895905266,23998499386380,25631432757014,26071136171461,28066274308784,31338014339198,32064860700885,31954804098165,31780795899557,32829035976968,33965806441912,33747838963540,35048255697763,39288473726075,44264898214305,47938461749089,51965655998564,58574302755951,64378551514749,61049315651690,66893676131663
,,,,,,,,,,,,,,,,,,,,,,,,
,,,,,,,,,,,,,,,,,,,,,,,,
,,,,,,,,,,,,,,,,,,,,,,,,
Data from database: World Development Indicators,,,,,,,,,,,,,,,,,,,,,,,,
Last Updated: 07/13/2026,,,,,,,,,,,,,,,,,,,,,,,,